Nation,Year,latitude,longitude
Albania,1992,41.153332,20.168331
Algeria,1992,28.033886,1.659626
Andorra,1992,42.546245,1.601554
Argentina,1992,-38.416097,-63.616672
Armenia,1992,40.069099,45.038189
Australia,1992,-25.274398,133.775136
Austria,1992,47.516231,14.550072
Azerbaijan,1992,40.143105,47.576927
Belgium,1992,50.503887,4.469936
Benin,1992,9.30769,2.315834
Bosnia-Herzegovina,1992,43.915886,17.679076
Brazil,1992,-14.235004,-51.92528
Bulgaria,1992,42.733883,25.48583
Cameroon,1992,7.369722,12.354722
Canada,1992,56.130366,-106.346771
Chad,1992,15.454166,18.732207
Chile,1992,-35.675147,-71.542969
Colombia,1992,4.570868,-74.297333
Costa Rica,1992,9.748917,-83.753428
Croatia,1992,45.1,15.2
Cyprus,1992,35.126413,33.429859
Czech Republic,1992,49.817492,15.472962
Denmark,1992,56.26392,9.501785
France,1992,46.227638,2.213749
French Guyana,1992,3.933889,-53.125782
Georgia,1992,42.315407,43.356892
Germany,1992,51.165691,10.451526
Ghana,1992,7.946527,-1.023194
Guadeloupe,1992,16.995971,-62.067641
Guinea,1992,9.945587,-9.696645
Guyana,1992,4.860416,-58.93018
Hungary,1992,47.162494,19.503304
Iceland,1992,64.963051,-19.020835
Ireland,1992,53.41291,-8.24389
Israel,1992,31.046051,34.851612
Italy,1992,41.87194,12.56738
Ivory Coast,1992,7.54,5.5471
Jamaica,1992,18.109581,-77.297508
Liberia,1992,6.428055,-9.429499
Lithuania,1992,55.169438,23.881275
Luxembourg,1992,49.815273,6.129583
Macedonia,1992,41.608635,21.745275
Mali,1992,17.570692,-3.996166
Mauritania,1992,21.00789,-10.940835
Mexico,1992,23.634501,-102.552784
Montenegro,1992,42.708678,19.37439
Morocco,1992,31.791702,-7.09262
Netherlands,1992,52.132633,5.291266
New Zealand,1992,-40.900557,174.885971
Nigeria,1992,9.081999,8.675277
Norway,1992,60.472024,8.468946
Poland,1992,51.919438,19.145136
Portugal,1992,39.399872,-8.224454
Romania,1992,45.943161,24.96676
Russia,1992,61.52401,105.318756
San Marino,1992,43.94236,12.457777
Senegal,1992,14.497401,-14.452362
Serbia,1992,44.016521,21.005859
Slovakia,1992,48.669026,19.699024
Slovenia,1992,46.151241,14.995463
Sweden,1992,60.128161,18.643501
Switzerland,1992,46.818188,8.227512
Tajikistan,1992,38.861034,71.276093
Togo,1992,8.619543,0.824782
Trinidad & Tobago,1992,10.691803,-61.222503
Tunisia,1992,33.886917,9.537499
Turkey,1992,38.963745,35.243322
Ukraine,1992,48.379433,31.16558
United Kingdom,1992,55.378051,-3.435973
Uruguay,1992,-32.522779,-55.765835
USA,1992,37.09024,-95.712891
Zimbabwe,1992,-19.015438,29.154857
Albania,1993,41.153332,20.168331
Algeria,1993,28.033886,1.659626
Angola,1993,-11.202692,17.873887
Argentina,1993,-38.416097,-63.616672
Armenia,1993,40.069099,45.038189
Australia,1993,-25.274398,133.775136
Austria,1993,47.516231,14.550072
Azerbaijan,1993,40.143105,47.576927
Belgium,1993,50.503887,4.469936
Benin,1993,9.30769,2.315834
Bosnia-Herzegovina,1993,43.915886,17.679076
Brazil,1993,-14.235004,-51.92528
Bulgaria,1993,42.733883,25.48583
Cameroon,1993,7.369722,12.354722
Canada,1993,56.130366,-106.346771
Chad,1993,15.454166,18.732207
Chile,1993,-35.675147,-71.542969
Colombia,1993,4.570868,-74.297333
Comoros,1993,-11.875001,43.872219
Congo DR,1993,-4.038333,21.758664
Costa Rica,1993,9.748917,-83.753428
Croatia,1993,45.1,15.2
Cyprus,1993,35.126413,33.429859
Czech Republic,1993,49.817492,15.472962
Denmark,1993,56.26392,9.501785
Equatorial Guinea,1993,1.650801,10.267895
France,1993,46.227638,2.213749
French Guyana,1993,3.933889,-53.125782
Georgia,1993,42.315407,43.356892
Germany,1993,51.165691,10.451526
Ghana,1993,7.946527,-1.023194
Greece,1993,39.074208,21.824312
Guadeloupe,1993,16.995971,-62.067641
Guinea,1993,9.945587,-9.696645
Guyana,1993,4.860416,-58.93018
Hungary,1993,47.162494,19.503304
Iceland,1993,64.963051,-19.020835
Ireland,1993,53.41291,-8.24389
Israel,1993,31.046051,34.851612
Italy,1993,41.87194,12.56738
Ivory Coast,1993,7.54,5.5471
Jamaica,1993,18.109581,-77.297508
Liberia,1993,6.428055,-9.429499
Luxembourg,1993,49.815273,6.129583
Macedonia,1993,41.608635,21.745275
Martinique,1993,14.641528,-61.024174
Mauritania,1993,21.00789,-10.940835
Mexico,1993,23.634501,-102.552784
Montenegro,1993,42.708678,19.37439
Morocco,1993,31.791702,-7.09262
Netherlands,1993,52.132633,5.291266
New Zealand,1993,-40.900557,174.885971
Nigeria,1993,9.081999,8.675277
Norway,1993,60.472024,8.468946
Panama,1993,8.537981,-80.782127
Paraguay,1993,-23.442503,-58.443832
Poland,1993,51.919438,19.145136
Portugal,1993,39.399872,-8.224454
Romania,1993,45.943161,24.96676
Russia,1993,61.52401,105.318756
Senegal,1993,14.497401,-14.452362
Serbia,1993,44.016521,21.005859
Slovakia,1993,48.669026,19.699024
Slovenia,1993,46.151241,14.995463
South Africa,1993,-30.559482,22.937506
Sweden,1993,60.128161,18.643501
Switzerland,1993,46.818188,8.227512
Togo,1993,8.619543,0.824782
Trinidad & Tobago,1993,10.691803,-61.222503
Tunisia,1993,33.886917,9.537499
Turkey,1993,38.963745,35.243322
Ukraine,1993,48.379433,31.16558
United Kingdom,1993,55.378051,-3.435973
Uruguay,1993,-32.522779,-55.765835
USA,1993,37.09024,-95.712891
Zimbabwe,1993,-19.015438,29.154857
Albania,1994,41.153332,20.168331
Algeria,1994,28.033886,1.659626
Angola,1994,-11.202692,17.873887
Argentina,1994,-38.416097,-63.616672
Armenia,1994,40.069099,45.038189
Australia,1994,-25.274398,133.775136
Austria,1994,47.516231,14.550072
Azerbaijan,1994,40.143105,47.576927
Belgium,1994,50.503887,4.469936
Benin,1994,9.30769,2.315834
Bosnia-Herzegovina,1994,43.915886,17.679076
Brazil,1994,-14.235004,-51.92528
Bulgaria,1994,42.733883,25.48583
Cameroon,1994,7.369722,12.354722
Canada,1994,56.130366,-106.346771
Chad,1994,15.454166,18.732207
Chile,1994,-35.675147,-71.542969
Colombia,1994,4.570868,-74.297333
Comoros,1994,-11.875001,43.872219
Congo DR,1994,-4.038333,21.758664
Croatia,1994,45.1,15.2
Czech Republic,1994,49.817492,15.472962
Denmark,1994,56.26392,9.501785
Egypt,1994,26.820553,30.802498
Equatorial Guinea,1994,1.650801,10.267895
France,1994,46.227638,2.213749
French Guyana,1994,3.933889,-53.125782
Gabon,1994,-0.803689,11.609444
Georgia,1994,42.315407,43.356892
Germany,1994,51.165691,10.451526
Ghana,1994,7.946527,-1.023194
Greece,1994,39.074208,21.824312
Guadeloupe,1994,16.995971,-62.067641
Guinea,1994,9.945587,-9.696645
Guyana,1994,4.860416,-58.93018
Iceland,1994,64.963051,-19.020835
Ireland,1994,53.41291,-8.24389
Israel,1994,31.046051,34.851612
Italy,1994,41.87194,12.56738
Ivory Coast,1994,7.54,5.5471
Jamaica,1994,18.109581,-77.297508
Japan,1994,36.204824,138.252924
Liberia,1994,6.428055,-9.429499
Macedonia,1994,41.608635,21.745275
Martinique,1994,14.641528,-61.024174
Mexico,1994,23.634501,-102.552784
Montenegro,1994,42.708678,19.37439
Morocco,1994,31.791702,-7.09262
Netherlands,1994,52.132633,5.291266
New Zealand,1994,-40.900557,174.885971
Nigeria,1994,9.081999,8.675277
Norway,1994,60.472024,8.468946
Panama,1994,8.537981,-80.782127
Poland,1994,51.919438,19.145136
Portugal,1994,39.399872,-8.224454
Romania,1994,45.943161,24.96676
Russia,1994,61.52401,105.318756
Rwanda,1994,-1.940278,29.873888
Senegal,1994,14.497401,-14.452362
Serbia,1994,44.016521,21.005859
Slovakia,1994,48.669026,19.699024
South Africa,1994,-30.559482,22.937506
St. Kitts & Nevis,1994,17.3578,62.783
Sweden,1994,60.128161,18.643501
Switzerland,1994,46.818188,8.227512
Togo,1994,8.619543,0.824782
Trinidad & Tobago,1994,10.691803,-61.222503
Tunisia,1994,33.886917,9.537499
Turkey,1994,38.963745,35.243322
Ukraine,1994,48.379433,31.16558
United Kingdom,1994,55.378051,-3.435973
Uruguay,1994,-32.522779,-55.765835
USA,1994,37.09024,-95.712891
Zambia,1994,-13.133897,27.849332
Zimbabwe,1994,-19.015438,29.154857
Albania,1995,41.153332,20.168331
Algeria,1995,28.033886,1.659626
Argentina,1995,-38.416097,-63.616672
Armenia,1995,40.069099,45.038189
Australia,1995,-25.274398,133.775136
Austria,1995,47.516231,14.550072
Belgium,1995,50.503887,4.469936
Bolivia,1995,-16.290154,-63.588653
Bosnia-Herzegovina,1995,43.915886,17.679076
Brazil,1995,-14.235004,-51.92528
Bulgaria,1995,42.733883,25.48583
Cameroon,1995,7.369722,12.354722
Chad,1995,15.454166,18.732207
Chile,1995,-35.675147,-71.542969
Colombia,1995,4.570868,-74.297333
Comoros,1995,-11.875001,43.872219
Congo,1995,-0.228021,15.827659
Congo DR,1995,-4.038333,21.758664
Croatia,1995,45.1,15.2
Cyprus,1995,35.126413,33.429859
Czech Republic,1995,49.817492,15.472962
Denmark,1995,56.26392,9.501785
Egypt,1995,26.820553,30.802498
Equatorial Guinea,1995,1.650801,10.267895
France,1995,46.227638,2.213749
Georgia,1995,42.315407,43.356892
Germany,1995,51.165691,10.451526
Ghana,1995,7.946527,-1.023194
Greece,1995,39.074208,21.824312
Guadeloupe,1995,16.995971,-62.067641
Guinea,1995,9.945587,-9.696645
Haiti,1995,18.971187,-72.285215
Honduras,1995,15.199999,-86.241905
Hungary,1995,47.162494,19.503304
Iceland,1995,64.963051,-19.020835
Ireland,1995,53.41291,-8.24389
Israel,1995,31.046051,34.851612
Italy,1995,41.87194,12.56738
Ivory Coast,1995,7.54,5.5471
Jamaica,1995,18.109581,-77.297508
Liberia,1995,6.428055,-9.429499
Macedonia,1995,41.608635,21.745275
Mali,1995,17.570692,-3.996166
Martinique,1995,14.641528,-61.024174
Mauritius,1995,-20.348404,57.552152
Montenegro,1995,42.708678,19.37439
Morocco,1995,31.791702,-7.09262
Netherlands,1995,52.132633,5.291266
Nigeria,1995,9.081999,8.675277
Norway,1995,60.472024,8.468946
Panama,1995,8.537981,-80.782127
Paraguay,1995,-23.442503,-58.443832
Poland,1995,51.919438,19.145136
Portugal,1995,39.399872,-8.224454
Romania,1995,45.943161,24.96676
Russia,1995,61.52401,105.318756
Rwanda,1995,-1.940278,29.873888
Senegal,1995,14.497401,-14.452362
Serbia,1995,44.016521,21.005859
Sierra Leone,1995,8.460555,-11.779889
Slovakia,1995,48.669026,19.699024
Slovenia,1995,46.151241,14.995463
South Africa,1995,-30.559482,22.937506
St. Kitts & Nevis,1995,17.3578,62.783
Sweden,1995,60.128161,18.643501
Switzerland,1995,46.818188,8.227512
Togo,1995,8.619543,0.824782
Trinidad & Tobago,1995,10.691803,-61.222503
Tunisia,1995,33.886917,9.537499
Turkey,1995,38.963745,35.243322
Ukraine,1995,48.379433,31.16558
United Kingdom,1995,55.378051,-3.435973
Uruguay,1995,-32.522779,-55.765835
USA,1995,37.09024,-95.712891
Venezuela,1995,6.42375,-66.58973
Zimbabwe,1995,-19.015438,29.154857
Albania,1996,41.153332,20.168331
Algeria,1996,28.033886,1.659626
Angola,1996,-11.202692,17.873887
Argentina,1996,-38.416097,-63.616672
Armenia,1996,40.069099,45.038189
Australia,1996,-25.274398,133.775136
Austria,1996,47.516231,14.550072
Belgium,1996,50.503887,4.469936
Bolivia,1996,-16.290154,-63.588653
Bosnia-Herzegovina,1996,43.915886,17.679076
Brazil,1996,-14.235004,-51.92528
Bulgaria,1996,42.733883,25.48583
Cameroon,1996,7.369722,12.354722
Cape Verde,1996,16.002082,-24.013197
Chad,1996,15.454166,18.732207
Chile,1996,-35.675147,-71.542969
Colombia,1996,4.570868,-74.297333
Comoros,1996,-11.875001,43.872219
Congo,1996,-0.228021,15.827659
Congo DR,1996,-4.038333,21.758664
Croatia,1996,45.1,15.2
Czech Republic,1996,49.817492,15.472962
Denmark,1996,56.26392,9.501785
Egypt,1996,26.820553,30.802498
Equatorial Guinea,1996,1.650801,10.267895
Estonia,1996,58.595272,25.013607
France,1996,46.227638,2.213749
Georgia,1996,42.315407,43.356892
Germany,1996,51.165691,10.451526
Ghana,1996,7.946527,-1.023194
Greece,1996,39.074208,21.824312
Grenada,1996,12.262776,-61.604171
Guadeloupe,1996,16.995971,-62.067641
Guinea,1996,9.945587,-9.696645
Haiti,1996,18.971187,-72.285215
Hungary,1996,47.162494,19.503304
Iceland,1996,64.963051,-19.020835
Indonesia,1996,-0.789275,113.921327
Ireland,1996,53.41291,-8.24389
Israel,1996,31.046051,34.851612
Italy,1996,41.87194,12.56738
Ivory Coast,1996,7.54,5.5471
Jamaica,1996,18.109581,-77.297508
Latvia,1996,56.879635,24.603189
Liberia,1996,6.428055,-9.429499
Luxembourg,1996,49.815273,6.129583
Macedonia,1996,41.608635,21.745275
Mali,1996,17.570692,-3.996166
Martinique,1996,14.641528,-61.024174
Mauritania,1996,21.00789,-10.940835
Montenegro,1996,42.708678,19.37439
Morocco,1996,31.791702,-7.09262
Netherlands,1996,52.132633,5.291266
Nigeria,1996,9.081999,8.675277
Norway,1996,60.472024,8.468946
Panama,1996,8.537981,-80.782127
Paraguay,1996,-23.442503,-58.443832
Peru,1996,-9.189967,-75.015152
Poland,1996,51.919438,19.145136
Portugal,1996,39.399872,-8.224454
Romania,1996,45.943161,24.96676
Russia,1996,61.52401,105.318756
San Marino,1996,43.94236,12.457777
Senegal,1996,14.497401,-14.452362
Serbia,1996,44.016521,21.005859
Sierra Leone,1996,8.460555,-11.779889
Slovakia,1996,48.669026,19.699024
Slovenia,1996,46.151241,14.995463
South Africa,1996,-30.559482,22.937506
St. Kitts & Nevis,1996,17.3578,62.783
Sweden,1996,60.128161,18.643501
Switzerland,1996,46.818188,8.227512
Togo,1996,8.619543,0.824782
Trinidad & Tobago,1996,10.691803,-61.222503
Tunisia,1996,33.886917,9.537499
Turkey,1996,38.963745,35.243322
Ukraine,1996,48.379433,31.16558
United Kingdom,1996,55.378051,-3.435973
Uruguay,1996,-32.522779,-55.765835
USA,1996,37.09024,-95.712891
Albania,1997,41.153332,20.168331
Algeria,1997,28.033886,1.659626
Angola,1997,-11.202692,17.873887
Argentina,1997,-38.416097,-63.616672
Australia,1997,-25.274398,133.775136
Austria,1997,47.516231,14.550072
Barbados,1997,13.193887,-59.543198
Belgium,1997,50.503887,4.469936
Bermuda,1997,32.321384,-64.75737
Bolivia,1997,-16.290154,-63.588653
Bosnia-Herzegovina,1997,43.915886,17.679076
Brazil,1997,-14.235004,-51.92528
Bulgaria,1997,42.733883,25.48583
Cameroon,1997,7.369722,12.354722
Canada,1997,56.130366,-106.346771
Cape Verde,1997,16.002082,-24.013197
Chad,1997,15.454166,18.732207
Chile,1997,-35.675147,-71.542969
Colombia,1997,4.570868,-74.297333
Comoros,1997,-11.875001,43.872219
Congo,1997,-0.228021,15.827659
Congo DR,1997,-4.038333,21.758664
Croatia,1997,45.1,15.2
Czech Republic,1997,49.817492,15.472962
Denmark,1997,56.26392,9.501785
Egypt,1997,26.820553,30.802498
Equatorial Guinea,1997,1.650801,10.267895
Finland,1997,61.92411,25.748151
France,1997,46.227638,2.213749
French Guyana,1997,3.933889,-53.125782
Gabon,1997,-0.803689,11.609444
Georgia,1997,42.315407,43.356892
Germany,1997,51.165691,10.451526
Ghana,1997,7.946527,-1.023194
Gibraltar,1997,36.137741,-5.345374
Greece,1997,39.074208,21.824312
Grenada,1997,12.262776,-61.604171
Guadeloupe,1997,16.995971,-62.067641
Guinea,1997,9.945587,-9.696645
Haiti,1997,18.971187,-72.285215
Hungary,1997,47.162494,19.503304
Iceland,1997,64.963051,-19.020835
Ireland,1997,53.41291,-8.24389
Israel,1997,31.046051,34.851612
Italy,1997,41.87194,12.56738
Ivory Coast,1997,7.54,5.5471
Jamaica,1997,18.109581,-77.297508
Liberia,1997,6.428055,-9.429499
Luxembourg,1997,49.815273,6.129583
Macedonia,1997,41.608635,21.745275
Malawi,1997,-13.254308,34.301525
Mali,1997,17.570692,-3.996166
Martinique,1997,14.641528,-61.024174
Mauritania,1997,21.00789,-10.940835
Montenegro,1997,42.708678,19.37439
Morocco,1997,31.791702,-7.09262
Netherlands,1997,52.132633,5.291266
New Caledonia,1997,-20.904305,165.618042
Nigeria,1997,9.081999,8.675277
Norway,1997,60.472024,8.468946
Paraguay,1997,-23.442503,-58.443832
Peru,1997,-9.189967,-75.015152
Poland,1997,51.919438,19.145136
Portugal,1997,39.399872,-8.224454
Romania,1997,45.943161,24.96676
Russia,1997,61.52401,105.318756
Senegal,1997,14.497401,-14.452362
Serbia,1997,44.016521,21.005859
Sierra Leone,1997,8.460555,-11.779889
Slovakia,1997,48.669026,19.699024
Slovenia,1997,46.151241,14.995463
South Africa,1997,-30.559482,22.937506
South Korea,1997,35.907757,127.766922
Spain,1997,40.463667,-3.74922
St. Kitts & Nevis,1997,17.3578,62.783
Sweden,1997,60.128161,18.643501
Switzerland,1997,46.818188,8.227512
Togo,1997,8.619543,0.824782
Trinidad & Tobago,1997,10.691803,-61.222503
Tunisia,1997,33.886917,9.537499
Turkey,1997,38.963745,35.243322
Ukraine,1997,48.379433,31.16558
United Kingdom,1997,55.378051,-3.435973
Uruguay,1997,-32.522779,-55.765835
USA,1997,37.09024,-95.712891
Venezuela,1997,6.42375,-66.58973
Albania,1998,41.153332,20.168331
Algeria,1998,28.033886,1.659626
Angola,1998,-11.202692,17.873887
Argentina,1998,-38.416097,-63.616672
Australia,1998,-25.274398,133.775136
Austria,1998,47.516231,14.550072
Belgium,1998,50.503887,4.469936
Bermuda,1998,32.321384,-64.75737
Bolivia,1998,-16.290154,-63.588653
Bosnia-Herzegovina,1998,43.915886,17.679076
Brazil,1998,-14.235004,-51.92528
Bulgaria,1998,42.733883,25.48583
Burkina Faso,1998,12.238333,-1.561593
Cameroon,1998,7.369722,12.354722
Canada,1998,56.130366,-106.346771
Cape Verde,1998,16.002082,-24.013197
Chad,1998,15.454166,18.732207
Chile,1998,-35.675147,-71.542969
China,1998,35.86166,104.195397
Colombia,1998,4.570868,-74.297333
Comoros,1998,-11.875001,43.872219
Congo,1998,-0.228021,15.827659
Congo DR,1998,-4.038333,21.758664
Croatia,1998,45.1,15.2
Czech Republic,1998,49.817492,15.472962
Denmark,1998,56.26392,9.501785
Dom. Republic,1998,18.735693,-70.162651
Egypt,1998,26.820553,30.802498
Equatorial Guinea,1998,1.650801,10.267895
Faroe Islands,1998,61.892635,-6.911806
Finland,1998,61.92411,25.748151
France,1998,46.227638,2.213749
French Guyana,1998,3.933889,-53.125782
Georgia,1998,42.315407,43.356892
Germany,1998,51.165691,10.451526
Ghana,1998,7.946527,-1.023194
Gibraltar,1998,36.137741,-5.345374
Greece,1998,39.074208,21.824312
Grenada,1998,12.262776,-61.604171
Guadeloupe,1998,16.995971,-62.067641
Guinea,1998,9.945587,-9.696645
Guinea-Bissau,1998,11.803749,-15.180413
Hungary,1998,47.162494,19.503304
Iceland,1998,64.963051,-19.020835
Iran,1998,32.427908,53.688046
Ireland,1998,53.41291,-8.24389
Israel,1998,31.046051,34.851612
Italy,1998,41.87194,12.56738
Ivory Coast,1998,7.54,5.5471
Jamaica,1998,18.109581,-77.297508
Latvia,1998,56.879635,24.603189
Liberia,1998,6.428055,-9.429499
Lithuania,1998,55.169438,23.881275
Luxembourg,1998,49.815273,6.129583
Macedonia,1998,41.608635,21.745275
Malawi,1998,-13.254308,34.301525
Mali,1998,17.570692,-3.996166
Martinique,1998,14.641528,-61.024174
Mauritania,1998,21.00789,-10.940835
Montenegro,1998,42.708678,19.37439
Morocco,1998,31.791702,-7.09262
Netherlands,1998,52.132633,5.291266
New Caledonia,1998,-20.904305,165.618042
Nigeria,1998,9.081999,8.675277
Norway,1998,60.472024,8.468946
Paraguay,1998,-23.442503,-58.443832
Peru,1998,-9.189967,-75.015152
Poland,1998,51.919438,19.145136
Portugal,1998,39.399872,-8.224454
Romania,1998,45.943161,24.96676
Russia,1998,61.52401,105.318756
Senegal,1998,14.497401,-14.452362
Serbia,1998,44.016521,21.005859
Seychelles,1998,-4.679574,55.491977
Sierra Leone,1998,8.460555,-11.779889
Slovakia,1998,48.669026,19.699024
Slovenia,1998,46.151241,14.995463
South Africa,1998,-30.559482,22.937506
Spain,1998,40.463667,-3.74922
St. Kitts & Nevis,1998,17.3578,62.783
Sweden,1998,60.128161,18.643501
Switzerland,1998,46.818188,8.227512
Tahiti,1998,17.6509,149.426
Togo,1998,8.619543,0.824782
Trinidad & Tobago,1998,10.691803,-61.222503
Tunisia,1998,33.886917,9.537499
Turkey,1998,38.963745,35.243322
Ukraine,1998,48.379433,31.16558
United Kingdom,1998,55.378051,-3.435973
Uruguay,1998,-32.522779,-55.765835
USA,1998,37.09024,-95.712891
Venezuela,1998,6.42375,-66.58973
Albania,1999,41.153332,20.168331
Algeria,1999,28.033886,1.659626
Argentina,1999,-38.416097,-63.616672
Australia,1999,-25.274398,133.775136
Austria,1999,47.516231,14.550072
Belarus,1999,53.709807,27.953389
Belgium,1999,50.503887,4.469936
Bermuda,1999,32.321384,-64.75737
Bolivia,1999,-16.290154,-63.588653
Bosnia-Herzegovina,1999,43.915886,17.679076
Brazil,1999,-14.235004,-51.92528
Bulgaria,1999,42.733883,25.48583
Burkina Faso,1999,12.238333,-1.561593
Cameroon,1999,7.369722,12.354722
Canada,1999,56.130366,-106.346771
Cape Verde,1999,16.002082,-24.013197
Chad,1999,15.454166,18.732207
Chile,1999,-35.675147,-71.542969
China,1999,35.86166,104.195397
Colombia,1999,4.570868,-74.297333
Comoros,1999,-11.875001,43.872219
Congo,1999,-0.228021,15.827659
Congo DR,1999,-4.038333,21.758664
Costa Rica,1999,9.748917,-83.753428
Croatia,1999,45.1,15.2
Czech Republic,1999,49.817492,15.472962
Denmark,1999,56.26392,9.501785
Dom. Republic,1999,18.735693,-70.162651
Egypt,1999,26.820553,30.802498
Equatorial Guinea,1999,1.650801,10.267895
Faroe Islands,1999,61.892635,-6.911806
Finland,1999,61.92411,25.748151
France,1999,46.227638,2.213749
Gabon,1999,-0.803689,11.609444
Georgia,1999,42.315407,43.356892
Germany,1999,51.165691,10.451526
Ghana,1999,7.946527,-1.023194
Gibraltar,1999,36.137741,-5.345374
Greece,1999,39.074208,21.824312
Grenada,1999,12.262776,-61.604171
Guadeloupe,1999,16.995971,-62.067641
Guinea,1999,9.945587,-9.696645
Guinea-Bissau,1999,11.803749,-15.180413
Honduras,1999,15.199999,-86.241905
Hungary,1999,47.162494,19.503304
Iceland,1999,64.963051,-19.020835
Iran,1999,32.427908,53.688046
Ireland,1999,53.41291,-8.24389
Israel,1999,31.046051,34.851612
Italy,1999,41.87194,12.56738
Ivory Coast,1999,7.54,5.5471
Jamaica,1999,18.109581,-77.297508
Japan,1999,36.204824,138.252924
Latvia,1999,56.879635,24.603189
Liberia,1999,6.428055,-9.429499
Lithuania,1999,55.169438,23.881275
Macedonia,1999,41.608635,21.745275
Mali,1999,17.570692,-3.996166
Mauritania,1999,21.00789,-10.940835
Mexico,1999,23.634501,-102.552784
Montenegro,1999,42.708678,19.37439
Morocco,1999,31.791702,-7.09262
Namibia,1999,-22.95764,18.49041
Netherlands,1999,52.132633,5.291266
New Caledonia,1999,-20.904305,165.618042
New Zealand,1999,-40.900557,174.885971
Nigeria,1999,9.081999,8.675277
Norway,1999,60.472024,8.468946
Panama,1999,8.537981,-80.782127
Paraguay,1999,-23.442503,-58.443832
Peru,1999,-9.189967,-75.015152
Poland,1999,51.919438,19.145136
Portugal,1999,39.399872,-8.224454
Romania,1999,45.943161,24.96676
Russia,1999,61.52401,105.318756
Senegal,1999,14.497401,-14.452362
Serbia,1999,44.016521,21.005859
Seychelles,1999,-4.679574,55.491977
Sierra Leone,1999,8.460555,-11.779889
Slovakia,1999,48.669026,19.699024
Slovenia,1999,46.151241,14.995463
South Africa,1999,-30.559482,22.937506
Spain,1999,40.463667,-3.74922
St. Kitts & Nevis,1999,17.3578,62.783
Sweden,1999,60.128161,18.643501
Switzerland,1999,46.818188,8.227512
Tahiti,1999,17.6509,149.426
Togo,1999,8.619543,0.824782
Trinidad & Tobago,1999,10.691803,-61.222503
Tunisia,1999,33.886917,9.537499
Turkey,1999,38.963745,35.243322
Ukraine,1999,48.379433,31.16558
United Kingdom,1999,55.378051,-3.435973
Uruguay,1999,-32.522779,-55.765835
USA,1999,37.09024,-95.712891
Venezuela,1999,6.42375,-66.58973
Zambia,1999,-13.133897,27.849332
Albania,2000,41.153332,20.168331
Algeria,2000,28.033886,1.659626
Angola,2000,-11.202692,17.873887
Argentina,2000,-38.416097,-63.616672
Australia,2000,-25.274398,133.775136
Austria,2000,47.516231,14.550072
Barbados,2000,13.193887,-59.543198
Belarus,2000,53.709807,27.953389
Belgium,2000,50.503887,4.469936
Benin,2000,9.30769,2.315834
Bermuda,2000,32.321384,-64.75737
Bolivia,2000,-16.290154,-63.588653
Bosnia-Herzegovina,2000,43.915886,17.679076
Brazil,2000,-14.235004,-51.92528
Bulgaria,2000,42.733883,25.48583
Burkina Faso,2000,12.238333,-1.561593
Cameroon,2000,7.369722,12.354722
Canada,2000,56.130366,-106.346771
Cape Verde,2000,16.002082,-24.013197
Central Afr. Republic,2000,6.611111,20.939444
Chile,2000,-35.675147,-71.542969
China,2000,35.86166,104.195397
Colombia,2000,4.570868,-74.297333
Comoros,2000,-11.875001,43.872219
Congo,2000,-0.228021,15.827659
Congo DR,2000,-4.038333,21.758664
Costa Rica,2000,9.748917,-83.753428
Croatia,2000,45.1,15.2
Czech Republic,2000,49.817492,15.472962
Denmark,2000,56.26392,9.501785
Dom. Republic,2000,18.735693,-70.162651
Ecuador,2000,-1.831239,-78.183406
Egypt,2000,26.820553,30.802498
Equatorial Guinea,2000,1.650801,10.267895
Faroe Islands,2000,61.892635,-6.911806
Finland,2000,61.92411,25.748151
France,2000,46.227638,2.213749
French Guyana,2000,3.933889,-53.125782
Gabon,2000,-0.803689,11.609444
Georgia,2000,42.315407,43.356892
Germany,2000,51.165691,10.451526
Ghana,2000,7.946527,-1.023194
Greece,2000,39.074208,21.824312
Grenada,2000,12.262776,-61.604171
Guadeloupe,2000,16.995971,-62.067641
Guinea,2000,9.945587,-9.696645
Guinea-Bissau,2000,11.803749,-15.180413
Guyana,2000,4.860416,-58.93018
Honduras,2000,15.199999,-86.241905
Hungary,2000,47.162494,19.503304
Iceland,2000,64.963051,-19.020835
Iran,2000,32.427908,53.688046
Ireland,2000,53.41291,-8.24389
Israel,2000,31.046051,34.851612
Italy,2000,41.87194,12.56738
Ivory Coast,2000,7.54,5.5471
Jamaica,2000,18.109581,-77.297508
Japan,2000,36.204824,138.252924
Latvia,2000,56.879635,24.603189
Liberia,2000,6.428055,-9.429499
Lithuania,2000,55.169438,23.881275
Macedonia,2000,41.608635,21.745275
Mali,2000,17.570692,-3.996166
Martinique,2000,14.641528,-61.024174
Mauritania,2000,21.00789,-10.940835
Mexico,2000,23.634501,-102.552784
Montenegro,2000,42.708678,19.37439
Morocco,2000,31.791702,-7.09262
Namibia,2000,-22.95764,18.49041
Netherlands,2000,52.132633,5.291266
New Zealand,2000,-40.900557,174.885971
Nigeria,2000,9.081999,8.675277
Norway,2000,60.472024,8.468946
Paraguay,2000,-23.442503,-58.443832
Peru,2000,-9.189967,-75.015152
Poland,2000,51.919438,19.145136
Portugal,2000,39.399872,-8.224454
Romania,2000,45.943161,24.96676
Russia,2000,61.52401,105.318756
Saudi Arabia,2000,23.885942,45.079162
Senegal,2000,14.497401,-14.452362
Serbia,2000,44.016521,21.005859
Seychelles,2000,-4.679574,55.491977
Slovakia,2000,48.669026,19.699024
Slovenia,2000,46.151241,14.995463
South Africa,2000,-30.559482,22.937506
South Korea,2000,35.907757,127.766922
Spain,2000,40.463667,-3.74922
St. Kitts & Nevis,2000,17.3578,62.783
Sweden,2000,60.128161,18.643501
Switzerland,2000,46.818188,8.227512
Tahiti,2000,17.6509,149.426
Togo,2000,8.619543,0.824782
Trinidad & Tobago,2000,10.691803,-61.222503
Tunisia,2000,33.886917,9.537499
Turkey,2000,38.963745,35.243322
Ukraine,2000,48.379433,31.16558
United Kingdom,2000,55.378051,-3.435973
Uruguay,2000,-32.522779,-55.765835
USA,2000,37.09024,-95.712891
Venezuela,2000,6.42375,-66.58973
Albania,2001,41.153332,20.168331
Algeria,2001,28.033886,1.659626
Angola,2001,-11.202692,17.873887
Argentina,2001,-38.416097,-63.616672
Australia,2001,-25.274398,133.775136
Austria,2001,47.516231,14.550072
Barbados,2001,13.193887,-59.543198
Belarus,2001,53.709807,27.953389
Belgium,2001,50.503887,4.469936
Benin,2001,9.30769,2.315834
Bermuda,2001,32.321384,-64.75737
Bolivia,2001,-16.290154,-63.588653
Bosnia-Herzegovina,2001,43.915886,17.679076
Brazil,2001,-14.235004,-51.92528
Bulgaria,2001,42.733883,25.48583
Burkina Faso,2001,12.238333,-1.561593
Cameroon,2001,7.369722,12.354722
Canada,2001,56.130366,-106.346771
Cape Verde,2001,16.002082,-24.013197
Chile,2001,-35.675147,-71.542969
China,2001,35.86166,104.195397
Colombia,2001,4.570868,-74.297333
Congo,2001,-0.228021,15.827659
Congo DR,2001,-4.038333,21.758664
Costa Rica,2001,9.748917,-83.753428
Croatia,2001,45.1,15.2
Czech Republic,2001,49.817492,15.472962
Denmark,2001,56.26392,9.501785
Dom. Republic,2001,18.735693,-70.162651
Ecuador,2001,-1.831239,-78.183406
Equatorial Guinea,2001,1.650801,10.267895
Finland,2001,61.92411,25.748151
France,2001,46.227638,2.213749
French Guyana,2001,3.933889,-53.125782
Gabon,2001,-0.803689,11.609444
Georgia,2001,42.315407,43.356892
Germany,2001,51.165691,10.451526
Ghana,2001,7.946527,-1.023194
Greece,2001,39.074208,21.824312
Grenada,2001,12.262776,-61.604171
Guadeloupe,2001,16.995971,-62.067641
Guinea,2001,9.945587,-9.696645
Guinea-Bissau,2001,11.803749,-15.180413
Guyana,2001,4.860416,-58.93018
Honduras,2001,15.199999,-86.241905
Hungary,2001,47.162494,19.503304
Iceland,2001,64.963051,-19.020835
Iran,2001,32.427908,53.688046
Ireland,2001,53.41291,-8.24389
Israel,2001,31.046051,34.851612
Italy,2001,41.87194,12.56738
Ivory Coast,2001,7.54,5.5471
Jamaica,2001,18.109581,-77.297508
Japan,2001,36.204824,138.252924
Latvia,2001,56.879635,24.603189
Lithuania,2001,55.169438,23.881275
Luxembourg,2001,49.815273,6.129583
Macedonia,2001,41.608635,21.745275
Mali,2001,17.570692,-3.996166
Martinique,2001,14.641528,-61.024174
Mauritania,2001,21.00789,-10.940835
Mexico,2001,23.634501,-102.552784
Montenegro,2001,42.708678,19.37439
Morocco,2001,31.791702,-7.09262
Namibia,2001,-22.95764,18.49041
Netherlands,2001,52.132633,5.291266
New Zealand,2001,-40.900557,174.885971
Nigeria,2001,9.081999,8.675277
Norway,2001,60.472024,8.468946
Paraguay,2001,-23.442503,-58.443832
Peru,2001,-9.189967,-75.015152
Philippines,2001,12.879721,121.774017
Poland,2001,51.919438,19.145136
Portugal,2001,39.399872,-8.224454
Qatar,2001,25.354826,51.183884
Romania,2001,45.943161,24.96676
Russia,2001,61.52401,105.318756
Rwanda,2001,-1.940278,29.873888
Senegal,2001,14.497401,-14.452362
Serbia,2001,44.016521,21.005859
Sierra Leone,2001,8.460555,-11.779889
Slovakia,2001,48.669026,19.699024
Slovenia,2001,46.151241,14.995463
South Africa,2001,-30.559482,22.937506
South Korea,2001,35.907757,127.766922
Spain,2001,40.463667,-3.74922
St. Kitts & Nevis,2001,17.3578,62.783
Sweden,2001,60.128161,18.643501
Switzerland,2001,46.818188,8.227512
Togo,2001,8.619543,0.824782
Trinidad & Tobago,2001,10.691803,-61.222503
Tunisia,2001,33.886917,9.537499
Turkey,2001,38.963745,35.243322
Uganda,2001,1.373333,32.290275
Ukraine,2001,48.379433,31.16558
United Kingdom,2001,55.378051,-3.435973
Uruguay,2001,-32.522779,-55.765835
USA,2001,37.09024,-95.712891
Uzbekistan,2001,41.377491,64.585262
Albania,2002,41.153332,20.168331
Algeria,2002,28.033886,1.659626
Angola,2002,-11.202692,17.873887
Antigua & Barbuda,2002,17.060816,-61.796428
Argentina,2002,-38.416097,-63.616672
Australia,2002,-25.274398,133.775136
Austria,2002,47.516231,14.550072
Belarus,2002,53.709807,27.953389
Belgium,2002,50.503887,4.469936
Benin,2002,9.30769,2.315834
Bermuda,2002,32.321384,-64.75737
Bolivia,2002,-16.290154,-63.588653
Bosnia-Herzegovina,2002,43.915886,17.679076
Brazil,2002,-14.235004,-51.92528
Bulgaria,2002,42.733883,25.48583
Burkina Faso,2002,12.238333,-1.561593
Cameroon,2002,7.369722,12.354722
Canada,2002,56.130366,-106.346771
Chile,2002,-35.675147,-71.542969
China,2002,35.86166,104.195397
Colombia,2002,4.570868,-74.297333
Congo,2002,-0.228021,15.827659
Congo DR,2002,-4.038333,21.758664
Costa Rica,2002,9.748917,-83.753428
Croatia,2002,45.1,15.2
Czech Republic,2002,49.817492,15.472962
Denmark,2002,56.26392,9.501785
Ecuador,2002,-1.831239,-78.183406
Egypt,2002,26.820553,30.802498
Equatorial Guinea,2002,1.650801,10.267895
Faroe Islands,2002,61.892635,-6.911806
Finland,2002,61.92411,25.748151
France,2002,46.227638,2.213749
French Guyana,2002,3.933889,-53.125782
Gabon,2002,-0.803689,11.609444
Georgia,2002,42.315407,43.356892
Germany,2002,51.165691,10.451526
Ghana,2002,7.946527,-1.023194
Gibraltar,2002,36.137741,-5.345374
Greece,2002,39.074208,21.824312
Guadeloupe,2002,16.995971,-62.067641
Guinea,2002,9.945587,-9.696645
Guyana,2002,4.860416,-58.93018
Honduras,2002,15.199999,-86.241905
Hungary,2002,47.162494,19.503304
Iceland,2002,64.963051,-19.020835
Ireland,2002,53.41291,-8.24389
Israel,2002,31.046051,34.851612
Italy,2002,41.87194,12.56738
Ivory Coast,2002,7.54,5.5471
Jamaica,2002,18.109581,-77.297508
Japan,2002,36.204824,138.252924
Latvia,2002,56.879635,24.603189
Lithuania,2002,55.169438,23.881275
Luxembourg,2002,49.815273,6.129583
Macedonia,2002,41.608635,21.745275
Mali,2002,17.570692,-3.996166
Martinique,2002,14.641528,-61.024174
Mauritania,2002,21.00789,-10.940835
Mauritius,2002,-20.348404,57.552152
Mexico,2002,23.634501,-102.552784
Montenegro,2002,42.708678,19.37439
Morocco,2002,31.791702,-7.09262
Namibia,2002,-22.95764,18.49041
Netherlands,2002,52.132633,5.291266
Niger,2002,17.607789,8.081666
Nigeria,2002,9.081999,8.675277
Norway,2002,60.472024,8.468946
Paraguay,2002,-23.442503,-58.443832
Peru,2002,-9.189967,-75.015152
Philippines,2002,12.879721,121.774017
Poland,2002,51.919438,19.145136
Portugal,2002,39.399872,-8.224454
Qatar,2002,25.354826,51.183884
Romania,2002,45.943161,24.96676
Russia,2002,61.52401,105.318756
Senegal,2002,14.497401,-14.452362
Serbia,2002,44.016521,21.005859
Sierra Leone,2002,8.460555,-11.779889
Slovakia,2002,48.669026,19.699024
Slovenia,2002,46.151241,14.995463
South Africa,2002,-30.559482,22.937506
Spain,2002,40.463667,-3.74922
St. Kitts & Nevis,2002,17.3578,62.783
Sweden,2002,60.128161,18.643501
Switzerland,2002,46.818188,8.227512
Thailand,2002,15.870032,100.992541
Togo,2002,8.619543,0.824782
Trinidad & Tobago,2002,10.691803,-61.222503
Tunisia,2002,33.886917,9.537499
Turkey,2002,38.963745,35.243322
Uganda,2002,1.373333,32.290275
Ukraine,2002,48.379433,31.16558
United Kingdom,2002,55.378051,-3.435973
Uruguay,2002,-32.522779,-55.765835
USA,2002,37.09024,-95.712891
Venezuela,2002,6.42375,-66.58973
Albania,2003,41.153332,20.168331
Algeria,2003,28.033886,1.659626
Andorra,2003,42.546245,1.601554
Angola,2003,-11.202692,17.873887
Antigua & Barbuda,2003,17.060816,-61.796428
Argentina,2003,-38.416097,-63.616672
Australia,2003,-25.274398,133.775136
Austria,2003,47.516231,14.550072
Belarus,2003,53.709807,27.953389
Belgium,2003,50.503887,4.469936
Benin,2003,9.30769,2.315834
Bolivia,2003,-16.290154,-63.588653
Bosnia-Herzegovina,2003,43.915886,17.679076
Brazil,2003,-14.235004,-51.92528
Bulgaria,2003,42.733883,25.48583
Burkina Faso,2003,12.238333,-1.561593
Cameroon,2003,7.369722,12.354722
Canada,2003,56.130366,-106.346771
Central Afr. Republic,2003,6.611111,20.939444
Chile,2003,-35.675147,-71.542969
China,2003,35.86166,104.195397
Colombia,2003,4.570868,-74.297333
Congo,2003,-0.228021,15.827659
Congo DR,2003,-4.038333,21.758664
Costa Rica,2003,9.748917,-83.753428
Croatia,2003,45.1,15.2
Curaçaoan,2003,12.1696,68.99
Czech Republic,2003,49.817492,15.472962
Denmark,2003,56.26392,9.501785
Egypt,2003,26.820553,30.802498
Equatorial Guinea,2003,1.650801,10.267895
Finland,2003,61.92411,25.748151
France,2003,46.227638,2.213749
French Guyana,2003,3.933889,-53.125782
Gabon,2003,-0.803689,11.609444
Georgia,2003,42.315407,43.356892
Germany,2003,51.165691,10.451526
Ghana,2003,7.946527,-1.023194
Gibraltar,2003,36.137741,-5.345374
Greece,2003,39.074208,21.824312
Guadeloupe,2003,16.995971,-62.067641
Guinea,2003,9.945587,-9.696645
Guyana,2003,4.860416,-58.93018
Honduras,2003,15.199999,-86.241905
Hungary,2003,47.162494,19.503304
Iceland,2003,64.963051,-19.020835
Ireland,2003,53.41291,-8.24389
Israel,2003,31.046051,34.851612
Italy,2003,41.87194,12.56738
Ivory Coast,2003,7.54,5.5471
Jamaica,2003,18.109581,-77.297508
Japan,2003,36.204824,138.252924
Latvia,2003,56.879635,24.603189
Lebanon,2003,33.854721,35.862285
Luxembourg,2003,49.815273,6.129583
Macedonia,2003,41.608635,21.745275
Mali,2003,17.570692,-3.996166
Martinique,2003,14.641528,-61.024174
Mauritania,2003,21.00789,-10.940835
Mauritius,2003,-20.348404,57.552152
Mexico,2003,23.634501,-102.552784
Montenegro,2003,42.708678,19.37439
Morocco,2003,31.791702,-7.09262
Netherlands,2003,52.132633,5.291266
Niger,2003,17.607789,8.081666
Nigeria,2003,9.081999,8.675277
Norway,2003,60.472024,8.468946
Pakistan,2003,30.375321,69.345116
Paraguay,2003,-23.442503,-58.443832
Peru,2003,-9.189967,-75.015152
Philippines,2003,12.879721,121.774017
Poland,2003,51.919438,19.145136
Portugal,2003,39.399872,-8.224454
Qatar,2003,25.354826,51.183884
Romania,2003,45.943161,24.96676
Russia,2003,61.52401,105.318756
San Marino,2003,43.94236,12.457777
Senegal,2003,14.497401,-14.452362
Serbia,2003,44.016521,21.005859
Sierra Leone,2003,8.460555,-11.779889
Slovakia,2003,48.669026,19.699024
Slovenia,2003,46.151241,14.995463
South Africa,2003,-30.559482,22.937506
South Korea,2003,35.907757,127.766922
Spain,2003,40.463667,-3.74922
Sweden,2003,60.128161,18.643501
Switzerland,2003,46.818188,8.227512
Thailand,2003,15.870032,100.992541
Togo,2003,8.619543,0.824782
Trinidad & Tobago,2003,10.691803,-61.222503
Tunisia,2003,33.886917,9.537499
Turkey,2003,38.963745,35.243322
Ukraine,2003,48.379433,31.16558
United Kingdom,2003,55.378051,-3.435973
Uruguay,2003,-32.522779,-55.765835
USA,2003,37.09024,-95.712891
Venezuela,2003,6.42375,-66.58973
Zimbabwe,2003,-19.015438,29.154857
Albania,2004,41.153332,20.168331
Algeria,2004,28.033886,1.659626
Andorra,2004,42.546245,1.601554
Angola,2004,-11.202692,17.873887
Antigua & Barbuda,2004,17.060816,-61.796428
Argentina,2004,-38.416097,-63.616672
Australia,2004,-25.274398,133.775136
Austria,2004,47.516231,14.550072
Barbados,2004,13.193887,-59.543198
Belarus,2004,53.709807,27.953389
Belgium,2004,50.503887,4.469936
Benin,2004,9.30769,2.315834
Bolivia,2004,-16.290154,-63.588653
Bosnia-Herzegovina,2004,43.915886,17.679076
Brazil,2004,-14.235004,-51.92528
Bulgaria,2004,42.733883,25.48583
Burkina Faso,2004,12.238333,-1.561593
Cameroon,2004,7.369722,12.354722
Canada,2004,56.130366,-106.346771
Central Afr. Republic,2004,6.611111,20.939444
Chad,2004,15.454166,18.732207
Chile,2004,-35.675147,-71.542969
China,2004,35.86166,104.195397
Colombia,2004,4.570868,-74.297333
Congo,2004,-0.228021,15.827659
Congo DR,2004,-4.038333,21.758664
Croatia,2004,45.1,15.2
Czech Republic,2004,49.817492,15.472962
Denmark,2004,56.26392,9.501785
Ecuador,2004,-1.831239,-78.183406
Egypt,2004,26.820553,30.802498
Equatorial Guinea,2004,1.650801,10.267895
Eritrea,2004,15.179384,39.782334
Finland,2004,61.92411,25.748151
France,2004,46.227638,2.213749
French Guyana,2004,3.933889,-53.125782
Gabon,2004,-0.803689,11.609444
Georgia,2004,42.315407,43.356892
Germany,2004,51.165691,10.451526
Ghana,2004,7.946527,-1.023194
Gibraltar,2004,36.137741,-5.345374
Greece,2004,39.074208,21.824312
Guadeloupe,2004,16.995971,-62.067641
Guinea,2004,9.945587,-9.696645
Guinea-Bissau,2004,11.803749,-15.180413
Guyana,2004,4.860416,-58.93018
Honduras,2004,15.199999,-86.241905
Hungary,2004,47.162494,19.503304
Iceland,2004,64.963051,-19.020835
Iran,2004,32.427908,53.688046
Ireland,2004,53.41291,-8.24389
Israel,2004,31.046051,34.851612
Italy,2004,41.87194,12.56738
Ivory Coast,2004,7.54,5.5471
Jamaica,2004,18.109581,-77.297508
Japan,2004,36.204824,138.252924
Latvia,2004,56.879635,24.603189
Lebanon,2004,33.854721,35.862285
Lithuania,2004,55.169438,23.881275
Luxembourg,2004,49.815273,6.129583
Macedonia,2004,41.608635,21.745275
Mali,2004,17.570692,-3.996166
Martinique,2004,14.641528,-61.024174
Mauritania,2004,21.00789,-10.940835
Mauritius,2004,-20.348404,57.552152
Mexico,2004,23.634501,-102.552784
Montenegro,2004,42.708678,19.37439
Montserrat,2004,16.742498,-62.187366
Morocco,2004,31.791702,-7.09262
Mozambique,2004,-18.665695,35.529562
Netherlands,2004,52.132633,5.291266
Nigeria,2004,9.081999,8.675277
Norway,2004,60.472024,8.468946
Pakistan,2004,30.375321,69.345116
Paraguay,2004,-23.442503,-58.443832
Peru,2004,-9.189967,-75.015152
Philippines,2004,12.879721,121.774017
Poland,2004,51.919438,19.145136
Portugal,2004,39.399872,-8.224454
Qatar,2004,25.354826,51.183884
Romania,2004,45.943161,24.96676
Russia,2004,61.52401,105.318756
San Marino,2004,43.94236,12.457777
Senegal,2004,14.497401,-14.452362
Serbia,2004,44.016521,21.005859
Sierra Leone,2004,8.460555,-11.779889
Slovakia,2004,48.669026,19.699024
Slovenia,2004,46.151241,14.995463
South Africa,2004,-30.559482,22.937506
South Korea,2004,35.907757,127.766922
Spain,2004,40.463667,-3.74922
Suriname,2004,3.919305,-56.027783
Sweden,2004,60.128161,18.643501
Switzerland,2004,46.818188,8.227512
Thailand,2004,15.870032,100.992541
Togo,2004,8.619543,0.824782
Trinidad & Tobago,2004,10.691803,-61.222503
Tunisia,2004,33.886917,9.537499
Turkey,2004,38.963745,35.243322
Ukraine,2004,48.379433,31.16558
United Kingdom,2004,55.378051,-3.435973
Uruguay,2004,-32.522779,-55.765835
USA,2004,37.09024,-95.712891
Zimbabwe,2004,-19.015438,29.154857
Albania,2005,41.153332,20.168331
Algeria,2005,28.033886,1.659626
Angola,2005,-11.202692,17.873887
Antigua & Barbuda,2005,17.060816,-61.796428
Argentina,2005,-38.416097,-63.616672
Australia,2005,-25.274398,133.775136
Austria,2005,47.516231,14.550072
Barbados,2005,13.193887,-59.543198
Belarus,2005,53.709807,27.953389
Belgium,2005,50.503887,4.469936
Bolivia,2005,-16.290154,-63.588653
Bosnia-Herzegovina,2005,43.915886,17.679076
Brazil,2005,-14.235004,-51.92528
Bulgaria,2005,42.733883,25.48583
Burkina Faso,2005,12.238333,-1.561593
Cambodia,2005,12.565679,104.990963
Cameroon,2005,7.369722,12.354722
Canada,2005,56.130366,-106.346771
Chile,2005,-35.675147,-71.542969
China,2005,35.86166,104.195397
Colombia,2005,4.570868,-74.297333
Congo,2005,-0.228021,15.827659
Congo DR,2005,-4.038333,21.758664
Croatia,2005,45.1,15.2
Czech Republic,2005,49.817492,15.472962
Denmark,2005,56.26392,9.501785
Egypt,2005,26.820553,30.802498
Equatorial Guinea,2005,1.650801,10.267895
Estonia,2005,58.595272,25.013607
Finland,2005,61.92411,25.748151
France,2005,46.227638,2.213749
French Guyana,2005,3.933889,-53.125782
Gabon,2005,-0.803689,11.609444
Georgia,2005,42.315407,43.356892
Germany,2005,51.165691,10.451526
Ghana,2005,7.946527,-1.023194
Gibraltar,2005,36.137741,-5.345374
Greece,2005,39.074208,21.824312
Guadeloupe,2005,16.995971,-62.067641
Guinea,2005,9.945587,-9.696645
Guinea-Bissau,2005,11.803749,-15.180413
Guyana,2005,4.860416,-58.93018
Haiti,2005,18.971187,-72.285215
Honduras,2005,15.199999,-86.241905
Hungary,2005,47.162494,19.503304
Iceland,2005,64.963051,-19.020835
Iran,2005,32.427908,53.688046
Ireland,2005,53.41291,-8.24389
Israel,2005,31.046051,34.851612
Italy,2005,41.87194,12.56738
Ivory Coast,2005,7.54,5.5471
Jamaica,2005,18.109581,-77.297508
Kenya,2005,-0.023559,37.906193
Latvia,2005,56.879635,24.603189
Lebanon,2005,33.854721,35.862285
Libya,2005,26.3351,17.228331
Luxembourg,2005,49.815273,6.129583
Macedonia,2005,41.608635,21.745275
Mali,2005,17.570692,-3.996166
Martinique,2005,14.641528,-61.024174
Mauritania,2005,21.00789,-10.940835
Mauritius,2005,-20.348404,57.552152
Mexico,2005,23.634501,-102.552784
Montenegro,2005,42.708678,19.37439
Morocco,2005,31.791702,-7.09262
Mozambique,2005,-18.665695,35.529562
Netherlands,2005,52.132633,5.291266
New Zealand,2005,-40.900557,174.885971
Nigeria,2005,9.081999,8.675277
Norway,2005,60.472024,8.468946
Pakistan,2005,30.375321,69.345116
Paraguay,2005,-23.442503,-58.443832
Peru,2005,-9.189967,-75.015152
Philippines,2005,12.879721,121.774017
Poland,2005,51.919438,19.145136
Portugal,2005,39.399872,-8.224454
Romania,2005,45.943161,24.96676
Russia,2005,61.52401,105.318756
San Marino,2005,43.94236,12.457777
Senegal,2005,14.497401,-14.452362
Serbia,2005,44.016521,21.005859
Sierra Leone,2005,8.460555,-11.779889
Slovakia,2005,48.669026,19.699024
Slovenia,2005,46.151241,14.995463
South Africa,2005,-30.559482,22.937506
South Korea,2005,35.907757,127.766922
Spain,2005,40.463667,-3.74922
Sweden,2005,60.128161,18.643501
Switzerland,2005,46.818188,8.227512
Togo,2005,8.619543,0.824782
Trinidad & Tobago,2005,10.691803,-61.222503
Tunisia,2005,33.886917,9.537499
Turkey,2005,38.963745,35.243322
Ukraine,2005,48.379433,31.16558
United Kingdom,2005,55.378051,-3.435973
Uruguay,2005,-32.522779,-55.765835
USA,2005,37.09024,-95.712891
Venezuela,2005,6.42375,-66.58973
Zimbabwe,2005,-19.015438,29.154857
Albania,2006,41.153332,20.168331
Algeria,2006,28.033886,1.659626
Angola,2006,-11.202692,17.873887
Antigua & Barbuda,2006,17.060816,-61.796428
Argentina,2006,-38.416097,-63.616672
Australia,2006,-25.274398,133.775136
Austria,2006,47.516231,14.550072
Barbados,2006,13.193887,-59.543198
Belarus,2006,53.709807,27.953389
Belgium,2006,50.503887,4.469936
Bolivia,2006,-16.290154,-63.588653
Bosnia-Herzegovina,2006,43.915886,17.679076
Brazil,2006,-14.235004,-51.92528
Bulgaria,2006,42.733883,25.48583
Burkina Faso,2006,12.238333,-1.561593
Cambodia,2006,12.565679,104.990963
Cameroon,2006,7.369722,12.354722
Canada,2006,56.130366,-106.346771
Cape Verde,2006,16.002082,-24.013197
Chad,2006,15.454166,18.732207
Chile,2006,-35.675147,-71.542969
China,2006,35.86166,104.195397
Colombia,2006,4.570868,-74.297333
Congo,2006,-0.228021,15.827659
Congo DR,2006,-4.038333,21.758664
Costa Rica,2006,9.748917,-83.753428
Croatia,2006,45.1,15.2
Cyprus,2006,35.126413,33.429859
Czech Republic,2006,49.817492,15.472962
Denmark,2006,56.26392,9.501785
Egypt,2006,26.820553,30.802498
Equatorial Guinea,2006,1.650801,10.267895
Estonia,2006,58.595272,25.013607
Finland,2006,61.92411,25.748151
France,2006,46.227638,2.213749
French Guyana,2006,3.933889,-53.125782
Gabon,2006,-0.803689,11.609444
Georgia,2006,42.315407,43.356892
Germany,2006,51.165691,10.451526
Ghana,2006,7.946527,-1.023194
Greece,2006,39.074208,21.824312
Guadeloupe,2006,16.995971,-62.067641
Guinea,2006,9.945587,-9.696645
Guinea-Bissau,2006,11.803749,-15.180413
Guyana,2006,4.860416,-58.93018
Haiti,2006,18.971187,-72.285215
Honduras,2006,15.199999,-86.241905
Hungary,2006,47.162494,19.503304
Iceland,2006,64.963051,-19.020835
Iran,2006,32.427908,53.688046
Ireland,2006,53.41291,-8.24389
Israel,2006,31.046051,34.851612
Italy,2006,41.87194,12.56738
Ivory Coast,2006,7.54,5.5471
Jamaica,2006,18.109581,-77.297508
Japan,2006,36.204824,138.252924
Kenya,2006,-0.023559,37.906193
Latvia,2006,56.879635,24.603189
Lebanon,2006,33.854721,35.862285
Libya,2006,26.3351,17.228331
Lithuania,2006,55.169438,23.881275
Luxembourg,2006,49.815273,6.129583
Macedonia,2006,41.608635,21.745275
Mali,2006,17.570692,-3.996166
Martinique,2006,14.641528,-61.024174
Mauritius,2006,-20.348404,57.552152
Mexico,2006,23.634501,-102.552784
Montenegro,2006,42.708678,19.37439
Morocco,2006,31.791702,-7.09262
Netherlands,2006,52.132633,5.291266
New Zealand,2006,-40.900557,174.885971
Niger,2006,17.607789,8.081666
Nigeria,2006,9.081999,8.675277
Norway,2006,60.472024,8.468946
Pakistan,2006,30.375321,69.345116
Palestine,2006,31.9522,35.2332
Paraguay,2006,-23.442503,-58.443832
Peru,2006,-9.189967,-75.015152
Philippines,2006,12.879721,121.774017
Poland,2006,51.919438,19.145136
Portugal,2006,39.399872,-8.224454
Romania,2006,45.943161,24.96676
Russia,2006,61.52401,105.318756
San Marino,2006,43.94236,12.457777
Senegal,2006,14.497401,-14.452362
Serbia,2006,44.016521,21.005859
Sierra Leone,2006,8.460555,-11.779889
Slovakia,2006,48.669026,19.699024
Slovenia,2006,46.151241,14.995463
South Africa,2006,-30.559482,22.937506
South Korea,2006,35.907757,127.766922
Spain,2006,40.463667,-3.74922
Sweden,2006,60.128161,18.643501
Switzerland,2006,46.818188,8.227512
Togo,2006,8.619543,0.824782
Trinidad & Tobago,2006,10.691803,-61.222503
Tunisia,2006,33.886917,9.537499
Turkey,2006,38.963745,35.243322
Ukraine,2006,48.379433,31.16558
United Kingdom,2006,55.378051,-3.435973
Uruguay,2006,-32.522779,-55.765835
USA,2006,37.09024,-95.712891
Uzbekistan,2006,41.377491,64.585262
Venezuela,2006,6.42375,-66.58973
Zimbabwe,2006,-19.015438,29.154857
Albania,2007,41.153332,20.168331
Algeria,2007,28.033886,1.659626
Angola,2007,-11.202692,17.873887
Antigua & Barbuda,2007,17.060816,-61.796428
Argentina,2007,-38.416097,-63.616672
Armenia,2007,40.069099,45.038189
Australia,2007,-25.274398,133.775136
Austria,2007,47.516231,14.550072
Barbados,2007,13.193887,-59.543198
Belarus,2007,53.709807,27.953389
Belgium,2007,50.503887,4.469936
Benin,2007,9.30769,2.315834
Bolivia,2007,-16.290154,-63.588653
Bosnia-Herzegovina,2007,43.915886,17.679076
Brazil,2007,-14.235004,-51.92528
Bulgaria,2007,42.733883,25.48583
Burkina Faso,2007,12.238333,-1.561593
Cameroon,2007,7.369722,12.354722
Canada,2007,56.130366,-106.346771
Cape Verde,2007,16.002082,-24.013197
Chile,2007,-35.675147,-71.542969
China,2007,35.86166,104.195397
Colombia,2007,4.570868,-74.297333
Congo,2007,-0.228021,15.827659
Congo DR,2007,-4.038333,21.758664
Costa Rica,2007,9.748917,-83.753428
Croatia,2007,45.1,15.2
Cyprus,2007,35.126413,33.429859
Czech Republic,2007,49.817492,15.472962
Denmark,2007,56.26392,9.501785
Ecuador,2007,-1.831239,-78.183406
Egypt,2007,26.820553,30.802498
Equatorial Guinea,2007,1.650801,10.267895
Estonia,2007,58.595272,25.013607
Finland,2007,61.92411,25.748151
France,2007,46.227638,2.213749
French Guyana,2007,3.933889,-53.125782
Gabon,2007,-0.803689,11.609444
Georgia,2007,42.315407,43.356892
Germany,2007,51.165691,10.451526
Ghana,2007,7.946527,-1.023194
Greece,2007,39.074208,21.824312
Guadeloupe,2007,16.995971,-62.067641
Guinea,2007,9.945587,-9.696645
Guyana,2007,4.860416,-58.93018
Haiti,2007,18.971187,-72.285215
Honduras,2007,15.199999,-86.241905
Hungary,2007,47.162494,19.503304
Iceland,2007,64.963051,-19.020835
Iran,2007,32.427908,53.688046
Ireland,2007,53.41291,-8.24389
Israel,2007,31.046051,34.851612
Italy,2007,41.87194,12.56738
Ivory Coast,2007,7.54,5.5471
Jamaica,2007,18.109581,-77.297508
Japan,2007,36.204824,138.252924
Kazakhstan,2007,48.019573,66.923684
Kenya,2007,-0.023559,37.906193
Kosovo,2007,42.602636,20.902977
Macedonia,2007,41.608635,21.745275
Mali,2007,17.570692,-3.996166
Martinique,2007,14.641528,-61.024174
Mauritania,2007,21.00789,-10.940835
Mexico,2007,23.634501,-102.552784
Montenegro,2007,42.708678,19.37439
Morocco,2007,31.791702,-7.09262
Netherlands,2007,52.132633,5.291266
New Zealand,2007,-40.900557,174.885971
Niger,2007,17.607789,8.081666
Nigeria,2007,9.081999,8.675277
Norway,2007,60.472024,8.468946
Paraguay,2007,-23.442503,-58.443832
Peru,2007,-9.189967,-75.015152
Poland,2007,51.919438,19.145136
Portugal,2007,39.399872,-8.224454
Romania,2007,45.943161,24.96676
Russia,2007,61.52401,105.318756
San Marino,2007,43.94236,12.457777
Senegal,2007,14.497401,-14.452362
Serbia,2007,44.016521,21.005859
Sierra Leone,2007,8.460555,-11.779889
Slovakia,2007,48.669026,19.699024
Slovenia,2007,46.151241,14.995463
South Africa,2007,-30.559482,22.937506
South Korea,2007,35.907757,127.766922
Spain,2007,40.463667,-3.74922
Sweden,2007,60.128161,18.643501
Switzerland,2007,46.818188,8.227512
Togo,2007,8.619543,0.824782
Trinidad & Tobago,2007,10.691803,-61.222503
Tunisia,2007,33.886917,9.537499
Turkey,2007,38.963745,35.243322
Ukraine,2007,48.379433,31.16558
United Kingdom,2007,55.378051,-3.435973
Uruguay,2007,-32.522779,-55.765835
USA,2007,37.09024,-95.712891
Venezuela,2007,6.42375,-66.58973
Zambia,2007,-13.133897,27.849332
Zimbabwe,2007,-19.015438,29.154857
Albania,2008,41.153332,20.168331
Algeria,2008,28.033886,1.659626
Andorra,2008,42.546245,1.601554
Argentina,2008,-38.416097,-63.616672
Armenia,2008,40.069099,45.038189
Australia,2008,-25.274398,133.775136
Austria,2008,47.516231,14.550072
Azerbaijan,2008,40.143105,47.576927
Belarus,2008,53.709807,27.953389
Belgium,2008,50.503887,4.469936
Benin,2008,9.30769,2.315834
Bolivia,2008,-16.290154,-63.588653
Bosnia-Herzegovina,2008,43.915886,17.679076
Brazil,2008,-14.235004,-51.92528
Bulgaria,2008,42.733883,25.48583
Burkina Faso,2008,12.238333,-1.561593
Cameroon,2008,7.369722,12.354722
Canada,2008,56.130366,-106.346771
Cape Verde,2008,16.002082,-24.013197
Central Afr. Republic,2008,6.611111,20.939444
Chile,2008,-35.675147,-71.542969
Colombia,2008,4.570868,-74.297333
Congo,2008,-0.228021,15.827659
Congo DR,2008,-4.038333,21.758664
Croatia,2008,45.1,15.2
Czech Republic,2008,49.817492,15.472962
Denmark,2008,56.26392,9.501785
Ecuador,2008,-1.831239,-78.183406
Egypt,2008,26.820553,30.802498
Equatorial Guinea,2008,1.650801,10.267895
Eritrea,2008,15.179384,39.782334
Estonia,2008,58.595272,25.013607
Finland,2008,61.92411,25.748151
France,2008,46.227638,2.213749
French Guyana,2008,3.933889,-53.125782
Gabon,2008,-0.803689,11.609444
Georgia,2008,42.315407,43.356892
Germany,2008,51.165691,10.451526
Ghana,2008,7.946527,-1.023194
Greece,2008,39.074208,21.824312
Guadeloupe,2008,16.995971,-62.067641
Guinea,2008,9.945587,-9.696645
Guyana,2008,4.860416,-58.93018
Haiti,2008,18.971187,-72.285215
Honduras,2008,15.199999,-86.241905
Hungary,2008,47.162494,19.503304
Iceland,2008,64.963051,-19.020835
Iran,2008,32.427908,53.688046
Iraq,2008,33.223191,43.679291
Ireland,2008,53.41291,-8.24389
Israel,2008,31.046051,34.851612
Italy,2008,41.87194,12.56738
Ivory Coast,2008,7.54,5.5471
Jamaica,2008,18.109581,-77.297508
Japan,2008,36.204824,138.252924
Kazakhstan,2008,48.019573,66.923684
Kenya,2008,-0.023559,37.906193
Kosovo,2008,42.602636,20.902977
Latvia,2008,56.879635,24.603189
Lithuania,2008,55.169438,23.881275
Macedonia,2008,41.608635,21.745275
Mali,2008,17.570692,-3.996166
Martinique,2008,14.641528,-61.024174
Mauritania,2008,21.00789,-10.940835
Mexico,2008,23.634501,-102.552784
Montenegro,2008,42.708678,19.37439
Montserrat,2008,16.742498,-62.187366
Morocco,2008,31.791702,-7.09262
Netherlands,2008,52.132633,5.291266
Niger,2008,17.607789,8.081666
Nigeria,2008,9.081999,8.675277
Norway,2008,60.472024,8.468946
Paraguay,2008,-23.442503,-58.443832
Peru,2008,-9.189967,-75.015152
Poland,2008,51.919438,19.145136
Portugal,2008,39.399872,-8.224454
Romania,2008,45.943161,24.96676
Russia,2008,61.52401,105.318756
San Marino,2008,43.94236,12.457777
Senegal,2008,14.497401,-14.452362
Serbia,2008,44.016521,21.005859
Sierra Leone,2008,8.460555,-11.779889
Slovakia,2008,48.669026,19.699024
Slovenia,2008,46.151241,14.995463
Somalia,2008,5.152149,46.199616
South Africa,2008,-30.559482,22.937506
South Korea,2008,35.907757,127.766922
Spain,2008,40.463667,-3.74922
Sweden,2008,60.128161,18.643501
Switzerland,2008,46.818188,8.227512
Togo,2008,8.619543,0.824782
Trinidad & Tobago,2008,10.691803,-61.222503
Tunisia,2008,33.886917,9.537499
Turkey,2008,38.963745,35.243322
Ukraine,2008,48.379433,31.16558
United Kingdom,2008,55.378051,-3.435973
Uruguay,2008,-32.522779,-55.765835
USA,2008,37.09024,-95.712891
Venezuela,2008,6.42375,-66.58973
Zambia,2008,-13.133897,27.849332
Zimbabwe,2008,-19.015438,29.154857
Albania,2009,41.153332,20.168331
Algeria,2009,28.033886,1.659626
Andorra,2009,42.546245,1.601554
Angola,2009,-11.202692,17.873887
Argentina,2009,-38.416097,-63.616672
Armenia,2009,40.069099,45.038189
Australia,2009,-25.274398,133.775136
Austria,2009,47.516231,14.550072
Belarus,2009,53.709807,27.953389
Belgium,2009,50.503887,4.469936
Benin,2009,9.30769,2.315834
Bolivia,2009,-16.290154,-63.588653
Bosnia-Herzegovina,2009,43.915886,17.679076
Brazil,2009,-14.235004,-51.92528
Bulgaria,2009,42.733883,25.48583
Burkina Faso,2009,12.238333,-1.561593
Cameroon,2009,7.369722,12.354722
Canada,2009,56.130366,-106.346771
Cape Verde,2009,16.002082,-24.013197
Chad,2009,15.454166,18.732207
Chile,2009,-35.675147,-71.542969
China,2009,35.86166,104.195397
Colombia,2009,4.570868,-74.297333
Congo,2009,-0.228021,15.827659
Congo DR,2009,-4.038333,21.758664
Croatia,2009,45.1,15.2
Czech Republic,2009,49.817492,15.472962
Denmark,2009,56.26392,9.501785
Ecuador,2009,-1.831239,-78.183406
Egypt,2009,26.820553,30.802498
Equatorial Guinea,2009,1.650801,10.267895
Faroe Islands,2009,61.892635,-6.911806
Finland,2009,61.92411,25.748151
France,2009,46.227638,2.213749
French Guyana,2009,3.933889,-53.125782
Gabon,2009,-0.803689,11.609444
Georgia,2009,42.315407,43.356892
Germany,2009,51.165691,10.451526
Ghana,2009,7.946527,-1.023194
Greece,2009,39.074208,21.824312
Guadeloupe,2009,16.995971,-62.067641
Guatemala,2009,15.783471,-90.230759
Guinea,2009,9.945587,-9.696645
Guinea-Bissau,2009,11.803749,-15.180413
Guyana,2009,4.860416,-58.93018
Haiti,2009,18.971187,-72.285215
Honduras,2009,15.199999,-86.241905
Hungary,2009,47.162494,19.503304
Iceland,2009,64.963051,-19.020835
Iran,2009,32.427908,53.688046
Iraq,2009,33.223191,43.679291
Ireland,2009,53.41291,-8.24389
Israel,2009,31.046051,34.851612
Italy,2009,41.87194,12.56738
Ivory Coast,2009,7.54,5.5471
Jamaica,2009,18.109581,-77.297508
Japan,2009,36.204824,138.252924
Kazakhstan,2009,48.019573,66.923684
Kenya,2009,-0.023559,37.906193
Kosovo,2009,42.602636,20.902977
Liberia,2009,6.428055,-9.429499
Lithuania,2009,55.169438,23.881275
Macedonia,2009,41.608635,21.745275
Madagascar,2009,-18.766947,46.869107
Mali,2009,17.570692,-3.996166
Martinique,2009,14.641528,-61.024174
Mauritania,2009,21.00789,-10.940835
Mauritius,2009,-20.348404,57.552152
Mexico,2009,23.634501,-102.552784
Montenegro,2009,42.708678,19.37439
Montserrat,2009,16.742498,-62.187366
Morocco,2009,31.791702,-7.09262
Netherlands,2009,52.132633,5.291266
Niger,2009,17.607789,8.081666
Nigeria,2009,9.081999,8.675277
Norway,2009,60.472024,8.468946
Palestine,2009,31.9522,35.2332
Paraguay,2009,-23.442503,-58.443832
Peru,2009,-9.189967,-75.015152
Poland,2009,51.919438,19.145136
Portugal,2009,39.399872,-8.224454
Romania,2009,45.943161,24.96676
Russia,2009,61.52401,105.318756
Senegal,2009,14.497401,-14.452362
Serbia,2009,44.016521,21.005859
Sierra Leone,2009,8.460555,-11.779889
Slovakia,2009,48.669026,19.699024
Slovenia,2009,46.151241,14.995463
South Africa,2009,-30.559482,22.937506
South Korea,2009,35.907757,127.766922
Spain,2009,40.463667,-3.74922
Sweden,2009,60.128161,18.643501
Switzerland,2009,46.818188,8.227512
Togo,2009,8.619543,0.824782
Trinidad & Tobago,2009,10.691803,-61.222503
Tunisia,2009,33.886917,9.537499
Turkey,2009,38.963745,35.243322
Ukraine,2009,48.379433,31.16558
United Kingdom,2009,55.378051,-3.435973
Uruguay,2009,-32.522779,-55.765835
USA,2009,37.09024,-95.712891
Venezuela,2009,6.42375,-66.58973
Zambia,2009,-13.133897,27.849332
Zimbabwe,2009,-19.015438,29.154857
Albania,2010,41.153332,20.168331
Algeria,2010,28.033886,1.659626
Angola,2010,-11.202692,17.873887
Antigua & Barbuda,2010,17.060816,-61.796428
Argentina,2010,-38.416097,-63.616672
Armenia,2010,40.069099,45.038189
Australia,2010,-25.274398,133.775136
Austria,2010,47.516231,14.550072
Barbados,2010,13.193887,-59.543198
Belarus,2010,53.709807,27.953389
Belgium,2010,50.503887,4.469936
Benin,2010,9.30769,2.315834
Bosnia-Herzegovina,2010,43.915886,17.679076
Brazil,2010,-14.235004,-51.92528
Bulgaria,2010,42.733883,25.48583
Burkina Faso,2010,12.238333,-1.561593
Cameroon,2010,7.369722,12.354722
Canada,2010,56.130366,-106.346771
Cape Verde,2010,16.002082,-24.013197
Central Afr. Republic,2010,6.611111,20.939444
Chad,2010,15.454166,18.732207
Chile,2010,-35.675147,-71.542969
China,2010,35.86166,104.195397
Colombia,2010,4.570868,-74.297333
Comoros,2010,-11.875001,43.872219
Congo,2010,-0.228021,15.827659
Congo DR,2010,-4.038333,21.758664
Costa Rica,2010,9.748917,-83.753428
Croatia,2010,45.1,15.2
Curaçaoan,2010,12.1696,68.99
Czech Republic,2010,49.817492,15.472962
Denmark,2010,56.26392,9.501785
Ecuador,2010,-1.831239,-78.183406
Egypt,2010,26.820553,30.802498
Finland,2010,61.92411,25.748151
France,2010,46.227638,2.213749
French Guyana,2010,3.933889,-53.125782
Gabon,2010,-0.803689,11.609444
Gambia,2010,13.443182,-15.310139
Georgia,2010,42.315407,43.356892
Germany,2010,51.165691,10.451526
Ghana,2010,7.946527,-1.023194
Greece,2010,39.074208,21.824312
Guadeloupe,2010,16.995971,-62.067641
Guinea,2010,9.945587,-9.696645
Guyana,2010,4.860416,-58.93018
Haiti,2010,18.971187,-72.285215
Honduras,2010,15.199999,-86.241905
Hungary,2010,47.162494,19.503304
Iceland,2010,64.963051,-19.020835
Iran,2010,32.427908,53.688046
Iraq,2010,33.223191,43.679291
Ireland,2010,53.41291,-8.24389
Israel,2010,31.046051,34.851612
Italy,2010,41.87194,12.56738
Ivory Coast,2010,7.54,5.5471
Jamaica,2010,18.109581,-77.297508
Japan,2010,36.204824,138.252924
Kazakhstan,2010,48.019573,66.923684
Kenya,2010,-0.023559,37.906193
Kosovo,2010,42.602636,20.902977
Liechtenstein,2010,47.166,9.555373
Lithuania,2010,55.169438,23.881275
Macedonia,2010,41.608635,21.745275
Madagascar,2010,-18.766947,46.869107
Mali,2010,17.570692,-3.996166
Martinique,2010,14.641528,-61.024174
Mauritania,2010,21.00789,-10.940835
Mexico,2010,23.634501,-102.552784
Montenegro,2010,42.708678,19.37439
Montserrat,2010,16.742498,-62.187366
Morocco,2010,31.791702,-7.09262
Netherlands,2010,52.132633,5.291266
New Zealand,2010,-40.900557,174.885971
Niger,2010,17.607789,8.081666
Nigeria,2010,9.081999,8.675277
Norway,2010,60.472024,8.468946
Panama,2010,8.537981,-80.782127
Paraguay,2010,-23.442503,-58.443832
Peru,2010,-9.189967,-75.015152
Philippines,2010,12.879721,121.774017
Poland,2010,51.919438,19.145136
Portugal,2010,39.399872,-8.224454
Romania,2010,45.943161,24.96676
Russia,2010,61.52401,105.318756
Senegal,2010,14.497401,-14.452362
Serbia,2010,44.016521,21.005859
Sierra Leone,2010,8.460555,-11.779889
Slovakia,2010,48.669026,19.699024
Slovenia,2010,46.151241,14.995463
South Africa,2010,-30.559482,22.937506
South Korea,2010,35.907757,127.766922
Spain,2010,40.463667,-3.74922
Sweden,2010,60.128161,18.643501
Switzerland,2010,46.818188,8.227512
Togo,2010,8.619543,0.824782
Tunisia,2010,33.886917,9.537499
Turkey,2010,38.963745,35.243322
Ukraine,2010,48.379433,31.16558
United Kingdom,2010,55.378051,-3.435973
Uruguay,2010,-32.522779,-55.765835
USA,2010,37.09024,-95.712891
Venezuela,2010,6.42375,-66.58973
Zambia,2010,-13.133897,27.849332
Albania,2011,41.153332,20.168331
Algeria,2011,28.033886,1.659626
Angola,2011,-11.202692,17.873887
Antigua & Barbuda,2011,17.060816,-61.796428
Argentina,2011,-38.416097,-63.616672
Australia,2011,-25.274398,133.775136
Austria,2011,47.516231,14.550072
Azerbaijan,2011,40.143105,47.576927
Barbados,2011,13.193887,-59.543198
Belarus,2011,53.709807,27.953389
Belgium,2011,50.503887,4.469936
Benin,2011,9.30769,2.315834
Bosnia-Herzegovina,2011,43.915886,17.679076
Brazil,2011,-14.235004,-51.92528
Bulgaria,2011,42.733883,25.48583
Burkina Faso,2011,12.238333,-1.561593
Cameroon,2011,7.369722,12.354722
Canada,2011,56.130366,-106.346771
Cape Verde,2011,16.002082,-24.013197
Central Afr. Republic,2011,6.611111,20.939444
Chad,2011,15.454166,18.732207
Chile,2011,-35.675147,-71.542969
Colombia,2011,4.570868,-74.297333
Comoros,2011,-11.875001,43.872219
Congo,2011,-0.228021,15.827659
Congo DR,2011,-4.038333,21.758664
Costa Rica,2011,9.748917,-83.753428
Croatia,2011,45.1,15.2
Czech Republic,2011,49.817492,15.472962
Denmark,2011,56.26392,9.501785
Ecuador,2011,-1.831239,-78.183406
Egypt,2011,26.820553,30.802498
Faroe Islands,2011,61.892635,-6.911806
Finland,2011,61.92411,25.748151
France,2011,46.227638,2.213749
French Guyana,2011,3.933889,-53.125782
Gabon,2011,-0.803689,11.609444
Gambia,2011,13.443182,-15.310139
Georgia,2011,42.315407,43.356892
Germany,2011,51.165691,10.451526
Ghana,2011,7.946527,-1.023194
Greece,2011,39.074208,21.824312
Guadeloupe,2011,16.995971,-62.067641
Guinea,2011,9.945587,-9.696645
Guinea-Bissau,2011,11.803749,-15.180413
Guyana,2011,4.860416,-58.93018
Haiti,2011,18.971187,-72.285215
Hungary,2011,47.162494,19.503304
Iceland,2011,64.963051,-19.020835
Iran,2011,32.427908,53.688046
Iraq,2011,33.223191,43.679291
Ireland,2011,53.41291,-8.24389
Israel,2011,31.046051,34.851612
Italy,2011,41.87194,12.56738
Ivory Coast,2011,7.54,5.5471
Jamaica,2011,18.109581,-77.297508
Japan,2011,36.204824,138.252924
Kazakhstan,2011,48.019573,66.923684
Kenya,2011,-0.023559,37.906193
Kosovo,2011,42.602636,20.902977
Liechtenstein,2011,47.166,9.555373
Lithuania,2011,55.169438,23.881275
Macedonia,2011,41.608635,21.745275
Madagascar,2011,-18.766947,46.869107
Mali,2011,17.570692,-3.996166
Martinique,2011,14.641528,-61.024174
Mexico,2011,23.634501,-102.552784
Montenegro,2011,42.708678,19.37439
Montserrat,2011,16.742498,-62.187366
Morocco,2011,31.791702,-7.09262
Netherlands,2011,52.132633,5.291266
New Zealand,2011,-40.900557,174.885971
Nigeria,2011,9.081999,8.675277
Norway,2011,60.472024,8.468946
Paraguay,2011,-23.442503,-58.443832
Peru,2011,-9.189967,-75.015152
Philippines,2011,12.879721,121.774017
Poland,2011,51.919438,19.145136
Portugal,2011,39.399872,-8.224454
Romania,2011,45.943161,24.96676
Russia,2011,61.52401,105.318756
Senegal,2011,14.497401,-14.452362
Serbia,2011,44.016521,21.005859
Sierra Leone,2011,8.460555,-11.779889
Slovakia,2011,48.669026,19.699024
Slovenia,2011,46.151241,14.995463
South Africa,2011,-30.559482,22.937506
South Korea,2011,35.907757,127.766922
Spain,2011,40.463667,-3.74922
St. Kitts & Nevis,2011,17.3578,62.783
Suriname,2011,3.919305,-56.027783
Sweden,2011,60.128161,18.643501
Switzerland,2011,46.818188,8.227512
Togo,2011,8.619543,0.824782
Tunisia,2011,33.886917,9.537499
Turkey,2011,38.963745,35.243322
UA Emirates,2011,23.424076,53.847818
Ukraine,2011,48.379433,31.16558
United Kingdom,2011,55.378051,-3.435973
Uruguay,2011,-32.522779,-55.765835
USA,2011,37.09024,-95.712891
Venezuela,2011,6.42375,-66.58973
Zambia,2011,-13.133897,27.849332
Zimbabwe,2011,-19.015438,29.154857
Albania,2012,41.153332,20.168331
Algeria,2012,28.033886,1.659626
Angola,2012,-11.202692,17.873887
Antigua & Barbuda,2012,17.060816,-61.796428
Argentina,2012,-38.416097,-63.616672
Armenia,2012,40.069099,45.038189
Australia,2012,-25.274398,133.775136
Austria,2012,47.516231,14.550072
Azerbaijan,2012,40.143105,47.576927
Belgium,2012,50.503887,4.469936
Benin,2012,9.30769,2.315834
Bosnia-Herzegovina,2012,43.915886,17.679076
Brazil,2012,-14.235004,-51.92528
Bulgaria,2012,42.733883,25.48583
Burkina Faso,2012,12.238333,-1.561593
Burundi,2012,-3.373056,29.918886
Cameroon,2012,7.369722,12.354722
Canada,2012,56.130366,-106.346771
Cape Verde,2012,16.002082,-24.013197
Central Afr. Republic,2012,6.611111,20.939444
Chad,2012,15.454166,18.732207
Chile,2012,-35.675147,-71.542969
Colombia,2012,4.570868,-74.297333
Comoros,2012,-11.875001,43.872219
Congo,2012,-0.228021,15.827659
Congo DR,2012,-4.038333,21.758664
Costa Rica,2012,9.748917,-83.753428
Croatia,2012,45.1,15.2
Czech Republic,2012,49.817492,15.472962
Denmark,2012,56.26392,9.501785
Ecuador,2012,-1.831239,-78.183406
Egypt,2012,26.820553,30.802498
Estonia,2012,58.595272,25.013607
Finland,2012,61.92411,25.748151
France,2012,46.227638,2.213749
French Guyana,2012,3.933889,-53.125782
Gabon,2012,-0.803689,11.609444
Gambia,2012,13.443182,-15.310139
Georgia,2012,42.315407,43.356892
Germany,2012,51.165691,10.451526
Ghana,2012,7.946527,-1.023194
Greece,2012,39.074208,21.824312
Guadeloupe,2012,16.995971,-62.067641
Guinea,2012,9.945587,-9.696645
Guinea-Bissau,2012,11.803749,-15.180413
Guyana,2012,4.860416,-58.93018
Haiti,2012,18.971187,-72.285215
Hungary,2012,47.162494,19.503304
Iceland,2012,64.963051,-19.020835
Iran,2012,32.427908,53.688046
Iraq,2012,33.223191,43.679291
Ireland,2012,53.41291,-8.24389
Israel,2012,31.046051,34.851612
Italy,2012,41.87194,12.56738
Ivory Coast,2012,7.54,5.5471
Jamaica,2012,18.109581,-77.297508
Japan,2012,36.204824,138.252924
Kazakhstan,2012,48.019573,66.923684
Kenya,2012,-0.023559,37.906193
Kosovo,2012,42.602636,20.902977
Liechtenstein,2012,47.166,9.555373
Lithuania,2012,55.169438,23.881275
Macedonia,2012,41.608635,21.745275
Madagascar,2012,-18.766947,46.869107
Mali,2012,17.570692,-3.996166
Martinique,2012,14.641528,-61.024174
Mauritania,2012,21.00789,-10.940835
Mexico,2012,23.634501,-102.552784
Montenegro,2012,42.708678,19.37439
Morocco,2012,31.791702,-7.09262
Mozambique,2012,-18.665695,35.529562
Netherlands,2012,52.132633,5.291266
New Zealand,2012,-40.900557,174.885971
Nigeria,2012,9.081999,8.675277
Norway,2012,60.472024,8.468946
Paraguay,2012,-23.442503,-58.443832
Peru,2012,-9.189967,-75.015152
Philippines,2012,12.879721,121.774017
Poland,2012,51.919438,19.145136
Portugal,2012,39.399872,-8.224454
Romania,2012,45.943161,24.96676
Russia,2012,61.52401,105.318756
Senegal,2012,14.497401,-14.452362
Serbia,2012,44.016521,21.005859
Sierra Leone,2012,8.460555,-11.779889
Slovakia,2012,48.669026,19.699024
Slovenia,2012,46.151241,14.995463
South Africa,2012,-30.559482,22.937506
South Korea,2012,35.907757,127.766922
Spain,2012,40.463667,-3.74922
Sweden,2012,60.128161,18.643501
Switzerland,2012,46.818188,8.227512
Togo,2012,8.619543,0.824782
Tunisia,2012,33.886917,9.537499
Turkey,2012,38.963745,35.243322
Ukraine,2012,48.379433,31.16558
United Kingdom,2012,55.378051,-3.435973
Uruguay,2012,-32.522779,-55.765835
USA,2012,37.09024,-95.712891
Venezuela,2012,6.42375,-66.58973
Zambia,2012,-13.133897,27.849332
Zimbabwe,2012,-19.015438,29.154857
Albania,2013,41.153332,20.168331
Algeria,2013,28.033886,1.659626
Angola,2013,-11.202692,17.873887
Argentina,2013,-38.416097,-63.616672
Armenia,2013,40.069099,45.038189
Australia,2013,-25.274398,133.775136
Austria,2013,47.516231,14.550072
Azerbaijan,2013,40.143105,47.576927
Belgium,2013,50.503887,4.469936
Benin,2013,9.30769,2.315834
Bermuda,2013,32.321384,-64.75737
Bosnia-Herzegovina,2013,43.915886,17.679076
Brazil,2013,-14.235004,-51.92528
Bulgaria,2013,42.733883,25.48583
Burkina Faso,2013,12.238333,-1.561593
Burundi,2013,-3.373056,29.918886
Cameroon,2013,7.369722,12.354722
Canada,2013,56.130366,-106.346771
Cape Verde,2013,16.002082,-24.013197
Chile,2013,-35.675147,-71.542969
Colombia,2013,4.570868,-74.297333
Comoros,2013,-11.875001,43.872219
Congo,2013,-0.228021,15.827659
Congo DR,2013,-4.038333,21.758664
Costa Rica,2013,9.748917,-83.753428
Croatia,2013,45.1,15.2
Curaçaoan,2013,12.1696,68.99
Cyprus,2013,35.126413,33.429859
Czech Republic,2013,49.817492,15.472962
Denmark,2013,56.26392,9.501785
Dom. Republic,2013,18.735693,-70.162651
Ecuador,2013,-1.831239,-78.183406
Egypt,2013,26.820553,30.802498
Estonia,2013,58.595272,25.013607
Finland,2013,61.92411,25.748151
France,2013,46.227638,2.213749
Gabon,2013,-0.803689,11.609444
Gambia,2013,13.443182,-15.310139
Georgia,2013,42.315407,43.356892
Germany,2013,51.165691,10.451526
Ghana,2013,7.946527,-1.023194
Greece,2013,39.074208,21.824312
Guadeloupe,2013,16.995971,-62.067641
Guinea,2013,9.945587,-9.696645
Guinea-Bissau,2013,11.803749,-15.180413
Guyana,2013,4.860416,-58.93018
Haiti,2013,18.971187,-72.285215
Honduras,2013,15.199999,-86.241905
Hungary,2013,47.162494,19.503304
Iceland,2013,64.963051,-19.020835
Iran,2013,32.427908,53.688046
Iraq,2013,33.223191,43.679291
Ireland,2013,53.41291,-8.24389
Israel,2013,31.046051,34.851612
Italy,2013,41.87194,12.56738
Ivory Coast,2013,7.54,5.5471
Jamaica,2013,18.109581,-77.297508
Japan,2013,36.204824,138.252924
Kazakhstan,2013,48.019573,66.923684
Kenya,2013,-0.023559,37.906193
Kosovo,2013,42.602636,20.902977
Latvia,2013,56.879635,24.603189
Liechtenstein,2013,47.166,9.555373
Macedonia,2013,41.608635,21.745275
Madagascar,2013,-18.766947,46.869107
Mali,2013,17.570692,-3.996166
Martinique,2013,14.641528,-61.024174
Mexico,2013,23.634501,-102.552784
Montenegro,2013,42.708678,19.37439
Morocco,2013,31.791702,-7.09262
Mozambique,2013,-18.665695,35.529562
Netherlands,2013,52.132633,5.291266
New Zealand,2013,-40.900557,174.885971
Nigeria,2013,9.081999,8.675277
Norway,2013,60.472024,8.468946
Paraguay,2013,-23.442503,-58.443832
Peru,2013,-9.189967,-75.015152
Philippines,2013,12.879721,121.774017
Poland,2013,51.919438,19.145136
Portugal,2013,39.399872,-8.224454
Romania,2013,45.943161,24.96676
Russia,2013,61.52401,105.318756
Senegal,2013,14.497401,-14.452362
Serbia,2013,44.016521,21.005859
Slovakia,2013,48.669026,19.699024
Slovenia,2013,46.151241,14.995463
South Africa,2013,-30.559482,22.937506
South Korea,2013,35.907757,127.766922
Spain,2013,40.463667,-3.74922
Sweden,2013,60.128161,18.643501
Switzerland,2013,46.818188,8.227512
Thailand,2013,15.870032,100.992541
Togo,2013,8.619543,0.824782
Trinidad & Tobago,2013,10.691803,-61.222503
Tunisia,2013,33.886917,9.537499
Turkey,2013,38.963745,35.243322
Uganda,2013,1.373333,32.290275
United Kingdom,2013,55.378051,-3.435973
Uruguay,2013,-32.522779,-55.765835
USA,2013,37.09024,-95.712891
Venezuela,2013,6.42375,-66.58973
Zimbabwe,2013,-19.015438,29.154857
Albania,2014,41.153332,20.168331
Algeria,2014,28.033886,1.659626
Angola,2014,-11.202692,17.873887
Argentina,2014,-38.416097,-63.616672
Armenia,2014,40.069099,45.038189
Australia,2014,-25.274398,133.775136
Austria,2014,47.516231,14.550072
Azerbaijan,2014,40.143105,47.576927
Belgium,2014,50.503887,4.469936
Benin,2014,9.30769,2.315834
Bermuda,2014,32.321384,-64.75737
Bolivia,2014,-16.290154,-63.588653
Bosnia-Herzegovina,2014,43.915886,17.679076
Brazil,2014,-14.235004,-51.92528
Bulgaria,2014,42.733883,25.48583
Burkina Faso,2014,12.238333,-1.561593
Cameroon,2014,7.369722,12.354722
Canada,2014,56.130366,-106.346771
Cape Verde,2014,16.002082,-24.013197
Central Afr. Republic,2014,6.611111,20.939444
Chile,2014,-35.675147,-71.542969
China,2014,35.86166,104.195397
Colombia,2014,4.570868,-74.297333
Comoros,2014,-11.875001,43.872219
Congo,2014,-0.228021,15.827659
Congo DR,2014,-4.038333,21.758664
Costa Rica,2014,9.748917,-83.753428
Croatia,2014,45.1,15.2
Curaçaoan,2014,12.1696,68.99
Czech Republic,2014,49.817492,15.472962
Denmark,2014,56.26392,9.501785
Dom. Republic,2014,18.735693,-70.162651
Ecuador,2014,-1.831239,-78.183406
Egypt,2014,26.820553,30.802498
Estonia,2014,58.595272,25.013607
Finland,2014,61.92411,25.748151
France,2014,46.227638,2.213749
French Guyana,2014,3.933889,-53.125782
Gabon,2014,-0.803689,11.609444
Gambia,2014,13.443182,-15.310139
Georgia,2014,42.315407,43.356892
Germany,2014,51.165691,10.451526
Ghana,2014,7.946527,-1.023194
Greece,2014,39.074208,21.824312
Guadeloupe,2014,16.995971,-62.067641
Guinea,2014,9.945587,-9.696645
Guinea-Bissau,2014,11.803749,-15.180413
Haiti,2014,18.971187,-72.285215
Honduras,2014,15.199999,-86.241905
Hungary,2014,47.162494,19.503304
Iceland,2014,64.963051,-19.020835
Ireland,2014,53.41291,-8.24389
Israel,2014,31.046051,34.851612
Italy,2014,41.87194,12.56738
Ivory Coast,2014,7.54,5.5471
Jamaica,2014,18.109581,-77.297508
Japan,2014,36.204824,138.252924
Kazakhstan,2014,48.019573,66.923684
Kenya,2014,-0.023559,37.906193
Kosovo,2014,42.602636,20.902977
Liechtenstein,2014,47.166,9.555373
Lithuania,2014,55.169438,23.881275
Macedonia,2014,41.608635,21.745275
Mali,2014,17.570692,-3.996166
Malta,2014,35.937496,14.375416
Martinique,2014,14.641528,-61.024174
Mexico,2014,23.634501,-102.552784
Montenegro,2014,42.708678,19.37439
Morocco,2014,31.791702,-7.09262
Mozambique,2014,-18.665695,35.529562
Netherlands,2014,52.132633,5.291266
New Zealand,2014,-40.900557,174.885971
Nigeria,2014,9.081999,8.675277
Norway,2014,60.472024,8.468946
Panama,2014,8.537981,-80.782127
Paraguay,2014,-23.442503,-58.443832
Peru,2014,-9.189967,-75.015152
Philippines,2014,12.879721,121.774017
Poland,2014,51.919438,19.145136
Portugal,2014,39.399872,-8.224454
Romania,2014,45.943161,24.96676
Russia,2014,61.52401,105.318756
Senegal,2014,14.497401,-14.452362
Serbia,2014,44.016521,21.005859
Slovakia,2014,48.669026,19.699024
Slovenia,2014,46.151241,14.995463
South Africa,2014,-30.559482,22.937506
South Korea,2014,35.907757,127.766922
Spain,2014,40.463667,-3.74922
Sweden,2014,60.128161,18.643501
Switzerland,2014,46.818188,8.227512
Thailand,2014,15.870032,100.992541
Togo,2014,8.619543,0.824782
Trinidad & Tobago,2014,10.691803,-61.222503
Tunisia,2014,33.886917,9.537499
Turkey,2014,38.963745,35.243322
Uganda,2014,1.373333,32.290275
Ukraine,2014,48.379433,31.16558
United Kingdom,2014,55.378051,-3.435973
Uruguay,2014,-32.522779,-55.765835
USA,2014,37.09024,-95.712891
Venezuela,2014,6.42375,-66.58973
Zambia,2014,-13.133897,27.849332
Zimbabwe,2014,-19.015438,29.154857
Albania,2015,41.153332,20.168331
Algeria,2015,28.033886,1.659626
Angola,2015,-11.202692,17.873887
Argentina,2015,-38.416097,-63.616672
Armenia,2015,40.069099,45.038189
Australia,2015,-25.274398,133.775136
Austria,2015,47.516231,14.550072
Azerbaijan,2015,40.143105,47.576927
Belgium,2015,50.503887,4.469936
Benin,2015,9.30769,2.315834
Bermuda,2015,32.321384,-64.75737
Bosnia-Herzegovina,2015,43.915886,17.679076
Brazil,2015,-14.235004,-51.92528
Bulgaria,2015,42.733883,25.48583
Burkina Faso,2015,12.238333,-1.561593
Burundi,2015,-3.373056,29.918886
Cameroon,2015,7.369722,12.354722
Canada,2015,56.130366,-106.346771
Cape Verde,2015,16.002082,-24.013197
Chad,2015,15.454166,18.732207
Chile,2015,-35.675147,-71.542969
Colombia,2015,4.570868,-74.297333
Comoros,2015,-11.875001,43.872219
Congo,2015,-0.228021,15.827659
Congo DR,2015,-4.038333,21.758664
Costa Rica,2015,9.748917,-83.753428
Croatia,2015,45.1,15.2
Curaçaoan,2015,12.1696,68.99
Czech Republic,2015,49.817492,15.472962
Denmark,2015,56.26392,9.501785
Ecuador,2015,-1.831239,-78.183406
Egypt,2015,26.820553,30.802498
Equatorial Guinea,2015,1.650801,10.267895
Eritrea,2015,15.179384,39.782334
Estonia,2015,58.595272,25.013607
Finland,2015,61.92411,25.748151
France,2015,46.227638,2.213749
French Guyana,2015,3.933889,-53.125782
Gabon,2015,-0.803689,11.609444
Gambia,2015,13.443182,-15.310139
Georgia,2015,42.315407,43.356892
Germany,2015,51.165691,10.451526
Ghana,2015,7.946527,-1.023194
Greece,2015,39.074208,21.824312
Guadeloupe,2015,16.995971,-62.067641
Guinea,2015,9.945587,-9.696645
Guinea-Bissau,2015,11.803749,-15.180413
Haiti,2015,18.971187,-72.285215
Hungary,2015,47.162494,19.503304
Iceland,2015,64.963051,-19.020835
Iraq,2015,33.223191,43.679291
Ireland,2015,53.41291,-8.24389
Israel,2015,31.046051,34.851612
Italy,2015,41.87194,12.56738
Ivory Coast,2015,7.54,5.5471
Jamaica,2015,18.109581,-77.297508
Japan,2015,36.204824,138.252924
Kazakhstan,2015,48.019573,66.923684
Kenya,2015,-0.023559,37.906193
Kosovo,2015,42.602636,20.902977
Latvia,2015,56.879635,24.603189
Lebanon,2015,33.854721,35.862285
Liechtenstein,2015,47.166,9.555373
Lithuania,2015,55.169438,23.881275
Macedonia,2015,41.608635,21.745275
Madagascar,2015,-18.766947,46.869107
Mali,2015,17.570692,-3.996166
Martinique,2015,14.641528,-61.024174
Mexico,2015,23.634501,-102.552784
Montenegro,2015,42.708678,19.37439
Morocco,2015,31.791702,-7.09262
Mozambique,2015,-18.665695,35.529562
Netherlands,2015,52.132633,5.291266
New Caledonia,2015,-20.904305,165.618042
New Zealand,2015,-40.900557,174.885971
Nigeria,2015,9.081999,8.675277
Norway,2015,60.472024,8.468946
Paraguay,2015,-23.442503,-58.443832
Peru,2015,-9.189967,-75.015152
Poland,2015,51.919438,19.145136
Portugal,2015,39.399872,-8.224454
Romania,2015,45.943161,24.96676
Russia,2015,61.52401,105.318756
Senegal,2015,14.497401,-14.452362
Serbia,2015,44.016521,21.005859
Slovakia,2015,48.669026,19.699024
Slovenia,2015,46.151241,14.995463
South Africa,2015,-30.559482,22.937506
South Korea,2015,35.907757,127.766922
Spain,2015,40.463667,-3.74922
Sweden,2015,60.128161,18.643501
Switzerland,2015,46.818188,8.227512
Togo,2015,8.619543,0.824782
Trinidad & Tobago,2015,10.691803,-61.222503
Tunisia,2015,33.886917,9.537499
Turkey,2015,38.963745,35.243322
Uganda,2015,1.373333,32.290275
Ukraine,2015,48.379433,31.16558
United Kingdom,2015,55.378051,-3.435973
Uruguay,2015,-32.522779,-55.765835
USA,2015,37.09024,-95.712891
Venezuela,2015,6.42375,-66.58973
Zambia,2015,-13.133897,27.849332
Zimbabwe,2015,-19.015438,29.154857
Albania,2016,41.153332,20.168331
Algeria,2016,28.033886,1.659626
Angola,2016,-11.202692,17.873887
Argentina,2016,-38.416097,-63.616672
Armenia,2016,40.069099,45.038189
Australia,2016,-25.274398,133.775136
Austria,2016,47.516231,14.550072
Belgium,2016,50.503887,4.469936
Benin,2016,9.30769,2.315834
Bermuda,2016,32.321384,-64.75737
Bosnia-Herzegovina,2016,43.915886,17.679076
Brazil,2016,-14.235004,-51.92528
Burkina Faso,2016,12.238333,-1.561593
Cameroon,2016,7.369722,12.354722
Canada,2016,56.130366,-106.346771
Cape Verde,2016,16.002082,-24.013197
Chad,2016,15.454166,18.732207
Chile,2016,-35.675147,-71.542969
Colombia,2016,4.570868,-74.297333
Comoros,2016,-11.875001,43.872219
Congo,2016,-0.228021,15.827659
Congo DR,2016,-4.038333,21.758664
Costa Rica,2016,9.748917,-83.753428
Croatia,2016,45.1,15.2
Curaçaoan,2016,12.1696,68.99
Czech Republic,2016,49.817492,15.472962
Denmark,2016,56.26392,9.501785
Dom. Republic,2016,18.735693,-70.162651
Ecuador,2016,-1.831239,-78.183406
Egypt,2016,26.820553,30.802498
Equatorial Guinea,2016,1.650801,10.267895
Estonia,2016,58.595272,25.013607
Finland,2016,61.92411,25.748151
France,2016,46.227638,2.213749
French Guyana,2016,3.933889,-53.125782
Gabon,2016,-0.803689,11.609444
Gambia,2016,13.443182,-15.310139
Georgia,2016,42.315407,43.356892
Germany,2016,51.165691,10.451526
Ghana,2016,7.946527,-1.023194
Greece,2016,39.074208,21.824312
Guadeloupe,2016,16.995971,-62.067641
Guinea,2016,9.945587,-9.696645
Haiti,2016,18.971187,-72.285215
Honduras,2016,15.199999,-86.241905
Hungary,2016,47.162494,19.503304
Iceland,2016,64.963051,-19.020835
Iran,2016,32.427908,53.688046
Iraq,2016,33.223191,43.679291
Ireland,2016,53.41291,-8.24389
Israel,2016,31.046051,34.851612
Italy,2016,41.87194,12.56738
Ivory Coast,2016,7.54,5.5471
Jamaica,2016,18.109581,-77.297508
Japan,2016,36.204824,138.252924
Kenya,2016,-0.023559,37.906193
Kosovo,2016,42.602636,20.902977
Latvia,2016,56.879635,24.603189
Liechtenstein,2016,47.166,9.555373
Lithuania,2016,55.169438,23.881275
Macedonia,2016,41.608635,21.745275
Mali,2016,17.570692,-3.996166
Martinique,2016,14.641528,-61.024174
Mexico,2016,23.634501,-102.552784
Moldova,2016,47.411631,28.369885
Montenegro,2016,42.708678,19.37439
Morocco,2016,31.791702,-7.09262
Mozambique,2016,-18.665695,35.529562
Netherlands,2016,52.132633,5.291266
New Caledonia,2016,-20.904305,165.618042
New Zealand,2016,-40.900557,174.885971
Niger,2016,17.607789,8.081666
Nigeria,2016,9.081999,8.675277
North Korea,2016,40.339852,127.510093
Norway,2016,60.472024,8.468946
Paraguay,2016,-23.442503,-58.443832
Peru,2016,-9.189967,-75.015152
Poland,2016,51.919438,19.145136
Portugal,2016,39.399872,-8.224454
Romania,2016,45.943161,24.96676
Russia,2016,61.52401,105.318756
San Marino,2016,43.94236,12.457777
Senegal,2016,14.497401,-14.452362
Serbia,2016,44.016521,21.005859
Slovakia,2016,48.669026,19.699024
Slovenia,2016,46.151241,14.995463
South Africa,2016,-30.559482,22.937506
South Korea,2016,35.907757,127.766922
Spain,2016,40.463667,-3.74922
Sweden,2016,60.128161,18.643501
Switzerland,2016,46.818188,8.227512
Togo,2016,8.619543,0.824782
Trinidad & Tobago,2016,10.691803,-61.222503
Tunisia,2016,33.886917,9.537499
Turkey,2016,38.963745,35.243322
Uganda,2016,1.373333,32.290275
Ukraine,2016,48.379433,31.16558
United Kingdom,2016,55.378051,-3.435973
Uruguay,2016,-32.522779,-55.765835
USA,2016,37.09024,-95.712891
Venezuela,2016,6.42375,-66.58973
Albania,2017,41.153332,20.168331
Algeria,2017,28.033886,1.659626
Angola,2017,-11.202692,17.873887
Argentina,2017,-38.416097,-63.616672
Armenia,2017,40.069099,45.038189
Australia,2017,-25.274398,133.775136
Austria,2017,47.516231,14.550072
Azerbaijan,2017,40.143105,47.576927
Belgium,2017,50.503887,4.469936
Benin,2017,9.30769,2.315834
Bermuda,2017,32.321384,-64.75737
Bosnia-Herzegovina,2017,43.915886,17.679076
Brazil,2017,-14.235004,-51.92528
Bulgaria,2017,42.733883,25.48583
Burkina Faso,2017,12.238333,-1.561593
Cameroon,2017,7.369722,12.354722
Canada,2017,56.130366,-106.346771
Cape Verde,2017,16.002082,-24.013197
Chad,2017,15.454166,18.732207
Chile,2017,-35.675147,-71.542969
China,2017,35.86166,104.195397
Colombia,2017,4.570868,-74.297333
Congo,2017,-0.228021,15.827659
Congo DR,2017,-4.038333,21.758664
Costa Rica,2017,9.748917,-83.753428
Croatia,2017,45.1,15.2
Curaçaoan,2017,12.1696,68.99
Cyprus,2017,35.126413,33.429859
Czech Republic,2017,49.817492,15.472962
Denmark,2017,56.26392,9.501785
Dom. Republic,2017,18.735693,-70.162651
Ecuador,2017,-1.831239,-78.183406
Egypt,2017,26.820553,30.802498
Equatorial Guinea,2017,1.650801,10.267895
Estonia,2017,58.595272,25.013607
Finland,2017,61.92411,25.748151
France,2017,46.227638,2.213749
French Guyana,2017,3.933889,-53.125782
Gabon,2017,-0.803689,11.609444
Gambia,2017,13.443182,-15.310139
Georgia,2017,42.315407,43.356892
Germany,2017,51.165691,10.451526
Ghana,2017,7.946527,-1.023194
Greece,2017,39.074208,21.824312
Guadeloupe,2017,16.995971,-62.067641
Guinea,2017,9.945587,-9.696645
Guinea-Bissau,2017,11.803749,-15.180413
Haiti,2017,18.971187,-72.285215
Honduras,2017,15.199999,-86.241905
Hungary,2017,47.162494,19.503304
Iceland,2017,64.963051,-19.020835
Iraq,2017,33.223191,43.679291
Ireland,2017,53.41291,-8.24389
Israel,2017,31.046051,34.851612
Italy,2017,41.87194,12.56738
Ivory Coast,2017,7.54,5.5471
Jamaica,2017,18.109581,-77.297508
Japan,2017,36.204824,138.252924
Kenya,2017,-0.023559,37.906193
Kosovo,2017,42.602636,20.902977
Lithuania,2017,55.169438,23.881275
Macedonia,2017,41.608635,21.745275
Mali,2017,17.570692,-3.996166
Martinique,2017,14.641528,-61.024174
Mauritania,2017,21.00789,-10.940835
Mexico,2017,23.634501,-102.552784
Moldova,2017,47.411631,28.369885
Montenegro,2017,42.708678,19.37439
Morocco,2017,31.791702,-7.09262
Mozambique,2017,-18.665695,35.529562
Netherlands,2017,52.132633,5.291266
New Caledonia,2017,-20.904305,165.618042
New Zealand,2017,-40.900557,174.885971
Niger,2017,17.607789,8.081666
Nigeria,2017,9.081999,8.675277
North Korea,2017,40.339852,127.510093
Norway,2017,60.472024,8.468946
Paraguay,2017,-23.442503,-58.443832
Peru,2017,-9.189967,-75.015152
Philippines,2017,12.879721,121.774017
Poland,2017,51.919438,19.145136
Portugal,2017,39.399872,-8.224454
Romania,2017,45.943161,24.96676
Russia,2017,61.52401,105.318756
Saudi Arabia,2017,23.885942,45.079162
Senegal,2017,14.497401,-14.452362
Serbia,2017,44.016521,21.005859
Sierra Leone,2017,8.460555,-11.779889
Slovakia,2017,48.669026,19.699024
Slovenia,2017,46.151241,14.995463
South Africa,2017,-30.559482,22.937506
South Korea,2017,35.907757,127.766922
Spain,2017,40.463667,-3.74922
Sweden,2017,60.128161,18.643501
Switzerland,2017,46.818188,8.227512
Togo,2017,8.619543,0.824782
Tunisia,2017,33.886917,9.537499
Turkey,2017,38.963745,35.243322
Ukraine,2017,48.379433,31.16558
United Kingdom,2017,55.378051,-3.435973
Uruguay,2017,-32.522779,-55.765835
USA,2017,37.09024,-95.712891
Venezuela,2017,6.42375,-66.58973
Grand Total,2017,#N/A,#N/A